,animal,session,cluster ID,learning phase,FR modulation
0,BS_72,BS_72_12_AC.pickle,22,post late,2.683615819209039
1,BS_72,BS_72_12_AC.pickle,25,post late,1.7564870259481034
2,BS_42,BS_42_9_AC.pickle,9,post expert,0.5352798053527981
3,BS_42,BS_42_9_AC.pickle,32,post expert,3.1630170316301696
4,DS_15,DS_15_15_AC.pickle,0,post expert,3.9393939393939403
5,DS_15,DS_15_15_AC.pickle,6,post expert,30.688705234159762
6,DS_15,DS_15_15_AC.pickle,7,post expert,2.033333333333335
7,DS_15,DS_15_15_AC.pickle,10,post expert,3.3884297520661173
8,DS_15,DS_15_15_AC.pickle,12,post expert,8.870523415977955
9,DS_15,DS_15_15_AC.pickle,19,post expert,6.143250688705235
10,DS_15,DS_15_15_AC.pickle,28,post expert,2.6446280991735525
11,DS_15,DS_15_15_AC.pickle,29,post expert,3.2782369146005497
12,DS_15,DS_15_15_AC.pickle,36,post expert,3.608815426997243
13,DS_15,DS_15_15_AC.pickle,41,post expert,0.9366391184573009
14,DS_15,DS_15_15_AC.pickle,45,post expert,1.3223140495867773
15,DS_15,DS_15_15_AC.pickle,46,post expert,1.460055096418733
16,DS_15,DS_15_15_AC.pickle,57,post expert,0.9366391184572997
17,DS_15,DS_15_15_AC.pickle,66,post expert,6.363636363636362
18,DS_15,DS_15_15_AC.pickle,77,post expert,2.0110192837465553
19,DS_15,DS_15_15_AC.pickle,78,post expert,5.344352617079895
20,DS_15,DS_15_15_AC.pickle,81,post expert,9.201101928374657
21,DS_15,DS_15_15_AC.pickle,86,post expert,5.013774104683197
22,DS_15,DS_15_15_AC.pickle,88,post expert,3.0303030303030316
23,DS_15,DS_15_15_AC.pickle,91,post expert,1.2396694214876032
24,DS_15,DS_15_15_AC.pickle,101,post expert,1.0192837465564741
25,DS_15,DS_15_15_AC.pickle,111,post expert,1.9283746556473833
26,DS_15,DS_15_15_AC.pickle,113,post expert,12.28650137741047
27,DS_15,DS_15_15_AC.pickle,114,post expert,2.066666666666668
28,DS_15,DS_15_15_AC.pickle,122,post expert,
29,DS_15,DS_15_15_AC.pickle,123,post expert,1.570247933884298
30,DS_15,DS_15_15_AC.pickle,128,post expert,0.6611570247933887
31,DS_15,DS_15_15_AC.pickle,134,post expert,1.322314049586777
32,BS_42,BS_42_6_AC.pickle,0,post late,0.9263477600607436
33,BS_42,BS_42_6_AC.pickle,7,post late,3.975757575757578
34,BS_42,BS_42_6_AC.pickle,8,post late,6.069651741293537
35,BS_42,BS_42_6_AC.pickle,9,post late,0.9794628751974719
36,BS_42,BS_42_6_AC.pickle,18,post late,4.0
37,BS_42,BS_42_6_AC.pickle,21,post late,7.207977207977202
38,BS_42,BS_42_6_AC.pickle,22,post late,7.677777777777777
39,BS_42,BS_42_6_AC.pickle,26,post late,13.411111111111072
40,BS_42,BS_42_6_AC.pickle,36,post late,1.3502109704641365
41,BS_42,BS_42_6_AC.pickle,47,post late,3.92452830188679
42,BS_42,BS_42_6_AC.pickle,48,post late,6.8777777777777915
43,BS_42,BS_42_6_AC.pickle,49,post late,5.702527924750152
44,BS_42,BS_42_6_AC.pickle,51,post late,26.352324819908343
45,BS_42,BS_42_6_AC.pickle,52,post late,0.7524059492563433
46,BS_42,BS_42_6_AC.pickle,62,post late,1.9999999999999996
47,BS_42,BS_42_6_AC.pickle,65,post late,2.5860023724792405
48,BS_42,BS_42_6_AC.pickle,66,post late,5.076923076923073
49,BS_42,BS_42_6_AC.pickle,67,post late,0.36697247706422026
50,BS_42,BS_42_6_AC.pickle,68,post late,3.259259259259259
51,BS_42,BS_42_6_AC.pickle,70,post late,2.925170068027214
52,BS_42,BS_42_6_AC.pickle,72,post late,1.5342465753424661
53,BS_42,BS_42_6_AC.pickle,73,post late,0.7333333333333333
54,BS_42,BS_42_6_AC.pickle,76,post late,0.26402640264026406
55,BS_42,BS_42_6_AC.pickle,79,post late,1.275362318840581
56,BS_42,BS_42_6_AC.pickle,80,post late,0.2842377260981912
57,BS_42,BS_42_6_AC.pickle,86,post late,4.96706192358367
58,BS_49,BS_49_4_AC.pickle,0,pre early,1.7999999999999998
59,BS_49,BS_49_4_AC.pickle,7,pre early,2.2000000000000006
60,BS_49,BS_49_4_AC.pickle,9,pre early,27.799999999999997
61,BS_49,BS_49_4_AC.pickle,11,pre early,4.533333333333332
62,BS_49,BS_49_4_AC.pickle,14,pre early,18.933333333333323
63,BS_49,BS_49_4_AC.pickle,16,pre early,13.533333333333333
64,BS_49,BS_49_4_AC.pickle,18,pre early,5.866666666666665
65,BS_49,BS_49_4_AC.pickle,19,pre early,1.0
66,BS_49,BS_49_4_AC.pickle,20,pre early,13.666666666666664
67,BS_49,BS_49_4_AC.pickle,25,pre early,6.333333333333334
68,BS_49,BS_49_4_AC.pickle,27,pre early,13.533333333333328
69,BS_49,BS_49_4_AC.pickle,28,pre early,1.4
70,BS_49,BS_49_4_AC.pickle,29,pre early,28.199999999999996
71,BS_49,BS_49_4_AC.pickle,35,pre early,29.000000000000004
72,BS_49,BS_49_4_AC.pickle,36,pre early,5.9333333333333345
73,BS_49,BS_49_4_AC.pickle,39,pre early,22.199999999999996
74,BS_49,BS_49_4_AC.pickle,45,pre early,17.599999999999994
75,BS_49,BS_49_4_AC.pickle,46,pre early,22.866666666666656
76,BS_49,BS_49_4_AC.pickle,53,pre early,34.66666666666667
77,BS_49,BS_49_4_AC.pickle,54,pre early,3.266666666666667
78,BS_49,BS_49_4_AC.pickle,55,pre early,3.066666666666667
79,BS_49,BS_49_4_AC.pickle,56,pre early,16.20000000000001
80,BS_49,BS_49_4_AC.pickle,58,pre early,1.3333333333333337
81,BS_49,BS_49_4_AC.pickle,66,pre early,5.933333333333334
82,BS_49,BS_49_4_AC.pickle,68,pre early,16.199999999999992
83,BS_49,BS_49_4_AC.pickle,71,pre early,2.4000000000000004
84,BS_49,BS_49_4_AC.pickle,73,pre early,12.4
85,BS_70,BS_70_11_AC.pickle,14,post late,2.55208333333333
86,BS_70,BS_70_11_AC.pickle,15,post late,0.9895833333333334
87,BS_70,BS_70_11_AC.pickle,18,post late,1.3888888888888886
88,BS_70,BS_70_11_AC.pickle,23,post late,4.53124999999999
89,BS_70,BS_70_11_AC.pickle,24,post late,0.8536585365853661
90,BS_70,BS_70_11_AC.pickle,32,post late,3.802083333333332
91,BS_70,BS_70_11_AC.pickle,35,post late,2.1874999999999996
92,BS_70,BS_70_11_AC.pickle,37,post late,0.7638888888888906
93,BS_70,BS_70_11_AC.pickle,38,post late,0.8159722222222209
94,BS_87,BS_87_2_AC.pickle,25,pre expert,28.447837150127228
95,BS_50,BS_50_3_AC.pickle,0,pre early,17.733333333333338
96,BS_50,BS_50_3_AC.pickle,3,pre early,65.79047619047616
97,BS_50,BS_50_3_AC.pickle,6,pre early,18.09523809523808
98,BS_50,BS_50_3_AC.pickle,11,pre early,11.714285714285712
99,BS_50,BS_50_3_AC.pickle,16,pre early,3.6571428571428584
100,BS_50,BS_50_3_AC.pickle,21,pre early,6.553030303030304
101,BS_50,BS_50_3_AC.pickle,28,pre early,1.9999999999999993
102,BS_50,BS_50_3_AC.pickle,32,pre early,3.987538940809973
103,BS_50,BS_50_3_AC.pickle,34,pre early,9.31428571428572
104,BS_50,BS_50_3_AC.pickle,41,pre early,37.3904761904762
105,BS_50,BS_50_3_AC.pickle,45,pre early,7.0132517838939865
106,BS_50,BS_50_3_AC.pickle,50,pre early,1.1188811188811192
107,BS_70,BS_70_5_AC.pickle,0,post early,5.659259259259257
108,BS_70,BS_70_5_AC.pickle,3,post early,2.0101781170483446
109,BS_70,BS_70_5_AC.pickle,4,post early,1.9211195928753195
110,BS_70,BS_70_5_AC.pickle,10,post early,8.271872740419377
111,BS_87,BS_87_6_AC.pickle,3,post early,0.32599837000814985
112,BS_87,BS_87_6_AC.pickle,7,post early,1.6625916870415651
113,BS_87,BS_87_6_AC.pickle,11,post early,0.48899755501222464
114,BS_87,BS_87_6_AC.pickle,14,post early,0.37489812550937257
115,BS_87,BS_87_6_AC.pickle,16,post early,0.6519967400163001
116,BS_87,BS_87_6_AC.pickle,39,post early,3.372319688109162
117,BS_87,BS_87_6_AC.pickle,40,post early,3.993480032599837
118,BS_87,BS_87_6_AC.pickle,44,post early,4.934383202099737
119,BS_87,BS_87_6_AC.pickle,51,post early,0.30969845150774233
120,BS_87,BS_87_6_AC.pickle,61,post early,0.7171964140179304
121,BS_87,BS_87_6_AC.pickle,62,post early,0.5378973105134481
122,BS_87,BS_87_6_AC.pickle,70,post early,7.546862265688672
123,BS_87,BS_87_6_AC.pickle,84,post early,0.5867970660146703
124,BS_87,BS_87_6_AC.pickle,87,post early,1.238793806030971
125,BS_87,BS_87_6_AC.pickle,88,post early,0.9942950285248572
126,BS_87,BS_87_6_AC.pickle,98,post early,3.6847103513770167
127,BS_40,BS_40_5_AC.pickle,5,pre late,0.7142857142857155
128,BS_40,BS_40_5_AC.pickle,21,pre late,0.3968253968253967
129,BS_40,BS_40_5_AC.pickle,22,pre late,1.5418023887079275
130,BS_40,BS_40_5_AC.pickle,27,pre late,15.003599712023021
131,BS_41,BS_41_7_AC.pickle,0,post late,2.011494252873561
132,BS_41,BS_41_7_AC.pickle,24,post late,5.755919854280489
133,BS_41,BS_41_7_AC.pickle,36,post late,5.101906640368181
134,BS_41,BS_41_7_AC.pickle,39,post late,1.0644257703081232
135,BS_41,BS_41_7_AC.pickle,50,post late,1.3308913308913324
136,BS_41,BS_41_7_AC.pickle,54,post late,3.1724137931034457
137,BS_41,BS_41_7_AC.pickle,55,post late,1.3218390804597726
138,BS_41,BS_41_7_AC.pickle,57,post late,1.1839080459770113
139,BS_41,BS_41_7_AC.pickle,59,post late,10.240295748613654
140,BS_41,BS_41_7_AC.pickle,62,post late,3.238993710691824
141,BS_41,BS_41_7_AC.pickle,63,post late,1.6781609195402274
142,BS_41,BS_41_7_AC.pickle,64,post late,3.9080459770115
143,BS_41,BS_41_7_AC.pickle,73,post late,0.6226271829916474
144,BS_41,BS_41_7_AC.pickle,76,post late,0.39447731755424054
145,BS_41,BS_41_7_AC.pickle,81,post late,0.5865522174535049
146,BS_41,BS_41_7_AC.pickle,96,post late,0.9273182957393497
147,DS_19,DS_19_16_AC.pickle,2,post expert,19.02439024390242
148,DS_19,DS_19_16_AC.pickle,11,post expert,1.1382113821138218
149,DS_19,DS_19_16_AC.pickle,12,post expert,0.6936416184971098
150,DS_19,DS_19_16_AC.pickle,15,post expert,1.5019762845849804
151,DS_19,DS_19_16_AC.pickle,19,post expert,3.2597266035751846
152,DS_19,DS_19_16_AC.pickle,26,post expert,2.818428184281842
153,DS_19,DS_19_16_AC.pickle,30,post expert,1.9298245614035083
154,DS_19,DS_19_16_AC.pickle,36,post expert,1.1585365853658538
155,DS_19,DS_19_16_AC.pickle,54,post expert,1.840796019900498
156,DS_19,DS_19_16_AC.pickle,68,post expert,22.72357723577235
157,DS_19,DS_19_16_AC.pickle,72,post expert,13.922764227642281
158,DS_19,DS_19_16_AC.pickle,73,post expert,7.804878048780485
159,DS_19,DS_19_16_AC.pickle,83,post expert,11.60569105691057
160,DS_19,DS_19_16_AC.pickle,97,post expert,5.508130081300814
161,DS_19,DS_19_16_AC.pickle,122,post expert,1.0365853658536586
162,DS_19,DS_19_16_AC.pickle,123,post expert,5.309381237524948
163,DS_19,DS_19_16_AC.pickle,125,post expert,3.143812709030102
164,DS_19,DS_19_16_AC.pickle,126,post expert,2.183235867446394
165,DS_19,DS_19_16_AC.pickle,129,post expert,0.9349593495934957
166,DS_19,DS_19_16_AC.pickle,131,post expert,1.0975609756097566
167,DS_19,DS_19_16_AC.pickle,132,post expert,8.450704225352112
168,DS_19,DS_19_16_AC.pickle,136,post expert,1.643192488262911
169,DS_19,DS_19_16_AC.pickle,146,post expert,13.434959349593496
170,BS_40,BS_40_2_AC.pickle,4,pre late,3.8095238095238115
171,BS_40,BS_40_2_AC.pickle,15,pre late,3.010204081632654
172,BS_40,BS_40_2_AC.pickle,18,pre late,3.911564625850337
173,BS_40,BS_40_2_AC.pickle,30,pre late,1.071428571428571
174,BS_40,BS_40_2_AC.pickle,33,pre late,4.0102171136653935
175,BS_40,BS_40_2_AC.pickle,43,pre late,2.389486260454004
176,BS_40,BS_40_2_AC.pickle,45,pre late,1.9853709508881925
177,BS_40,BS_40_2_AC.pickle,46,pre late,5.425170068027217
178,BS_40,BS_40_2_AC.pickle,51,pre late,1.9387755102040793
179,BS_40,BS_40_2_AC.pickle,56,pre late,4.63980463980464
180,BS_40,BS_40_2_AC.pickle,58,pre late,1.9557823129251726
181,BS_40,BS_40_2_AC.pickle,61,pre late,14.625850340136058
182,BS_40,BS_40_2_AC.pickle,65,pre late,3.962585034013606
183,BS_40,BS_40_2_AC.pickle,66,pre late,8.231292517006809
184,BS_40,BS_40_2_AC.pickle,67,pre late,6.484848484848485
185,BS_40,BS_40_2_AC.pickle,70,pre late,2.857142857142856
186,BS_40,BS_40_2_AC.pickle,72,pre late,5.357142857142855
187,BS_40,BS_40_2_AC.pickle,83,pre late,6.445578231292519
188,BS_40,BS_40_2_AC.pickle,96,pre late,27.6360544217687
189,BS_40,BS_40_2_AC.pickle,97,pre late,3.89455782312926
190,BS_40,BS_40_2_AC.pickle,98,pre late,13.163265306122444
191,BS_40,BS_40_2_AC.pickle,103,pre late,18.82653061224488
192,BS_40,BS_40_2_AC.pickle,115,pre late,10.26365348399247
193,BS_40,BS_40_2_AC.pickle,120,pre late,0.9369369369369368
194,BS_40,BS_40_2_AC.pickle,122,pre late,2.857142857142857
195,BS_40,BS_40_2_AC.pickle,124,pre late,1.7176870748299315
196,BS_40,BS_40_2_AC.pickle,133,pre late,2.9421768707482996
197,BS_40,BS_40_2_AC.pickle,138,pre late,0.8516886930983848
198,BS_40,BS_40_2_AC.pickle,142,pre late,1.7886178861788615
199,BS_40,BS_40_2_AC.pickle,153,pre late,7.579365079365079
200,BS_40,BS_40_2_AC.pickle,154,pre late,6.51360544217687
201,BS_40,BS_40_2_AC.pickle,156,pre late,0.671462829736211
202,BS_40,BS_40_2_AC.pickle,162,pre late,2.959183673469385
203,BS_40,BS_40_2_AC.pickle,163,pre late,1.2074829931972804
204,BS_40,BS_40_2_AC.pickle,164,pre late,4.221105527638188
205,BS_40,BS_40_2_AC.pickle,165,pre late,1.9727891156462543
206,BS_40,BS_40_2_AC.pickle,166,pre late,1.7176870748299329
207,BS_40,BS_40_2_AC.pickle,178,pre late,0.9589041095890413
208,BS_40,BS_40_2_AC.pickle,184,pre late,0.7387387387387389
209,BS_40,BS_40_2_AC.pickle,188,pre late,2.0238095238095264
210,BS_40,BS_40_2_AC.pickle,189,pre late,9.727891156462585
211,BS_40,BS_40_2_AC.pickle,190,pre late,3.267605633802817
212,BS_40,BS_40_2_AC.pickle,194,pre late,11.326530612244886
213,BS_40,BS_40_2_AC.pickle,195,pre late,10.850340136054427
214,BS_40,BS_40_2_AC.pickle,201,pre late,3.0442176870748288
215,BS_40,BS_40_2_AC.pickle,204,pre late,2.568027210884353
216,BS_40,BS_40_2_AC.pickle,206,pre late,8.588435374149663
217,BS_40,BS_40_2_AC.pickle,210,pre late,12.862453531598513
218,BS_40,BS_40_2_AC.pickle,211,pre late,2.482566248256626
219,BS_40,BS_40_2_AC.pickle,212,pre late,8.418367346938783
220,BS_40,BS_40_2_AC.pickle,213,pre late,1.1224489795918366
221,BS_40,BS_40_2_AC.pickle,222,pre late,1.5257048092868986
222,BS_40,BS_40_2_AC.pickle,225,pre late,28.21428571428572
223,BS_40,BS_40_2_AC.pickle,230,pre late,7.908163265306132
224,BS_40,BS_40_2_AC.pickle,231,pre late,2.857142857142857
225,BS_40,BS_40_18_AC.pickle,2,post early,0.8088235294117665
226,BS_40,BS_40_18_AC.pickle,4,post early,0.7843137254901957
227,BS_40,BS_40_18_AC.pickle,19,post early,2.7799227799227797
228,BS_40,BS_40_18_AC.pickle,36,post early,1.4338235294117652
229,BS_40,BS_40_18_AC.pickle,41,post early,0.6372549019607854
230,BS_40,BS_40_18_AC.pickle,49,post early,1.4666666666666668
231,BS_41,BS_41_9_AC.pickle,3,post late,9.467162329615856
232,BS_41,BS_41_9_AC.pickle,23,post late,1.3821138211382107
233,BS_41,BS_41_9_AC.pickle,24,post late,2.9457364341085293
234,BS_41,BS_41_9_AC.pickle,37,post late,20.890493381468115
235,BS_41,BS_41_9_AC.pickle,70,post late,1.3166666666666673
236,BS_41,BS_41_9_AC.pickle,75,post late,0.6666666666666643
237,BS_41,BS_41_9_AC.pickle,78,post late,0.6333333333333333
238,BS_41,BS_41_9_AC.pickle,80,post late,25.0333333333333
239,BS_41,BS_41_9_AC.pickle,101,post late,1.4555555555555566
240,BS_41,BS_41_9_AC.pickle,102,post late,0.9186840471756689
241,BS_41,BS_41_9_AC.pickle,103,post late,0.3941730934018849
242,BS_41,BS_41_9_AC.pickle,109,post late,3.5777777777777753
243,BS_41,BS_41_9_AC.pickle,125,post late,0.49319727891156456
244,BS_70,BS_70_7_AC.pickle,15,post late,1.1751412429378538
245,BS_70,BS_70_7_AC.pickle,22,post late,11.711711711711708
246,BS_70,BS_70_7_AC.pickle,45,post late,7.631578947368415
247,BS_70,BS_70_7_AC.pickle,49,post late,4.952380952380951
248,BS_70,BS_70_7_AC.pickle,51,post late,1.1825192802056552
249,BS_70,BS_70_7_AC.pickle,62,post late,8.324125230202576
250,BS_70,BS_70_7_AC.pickle,63,post late,7.969151670951159
251,BS_70,BS_70_7_AC.pickle,72,post late,2.4967824967824974
252,BS_49,BS_49_9_AC.pickle,6,pre late,6.548323471400395
253,BS_49,BS_49_9_AC.pickle,11,pre late,5.83333333333333
254,BS_49,BS_49_9_AC.pickle,15,pre late,6.078431372549015
255,BS_49,BS_49_9_AC.pickle,18,pre late,17.622549019607856
256,BS_49,BS_49_9_AC.pickle,25,pre late,1.2051282051282055
257,BS_49,BS_49_9_AC.pickle,26,pre late,30.392156862745114
258,BS_49,BS_49_9_AC.pickle,27,pre late,3.750000000000002
259,BS_49,BS_49_9_AC.pickle,28,pre late,20.80882352941175
260,BS_49,BS_49_9_AC.pickle,31,pre late,1.8518518518518519
261,BS_49,BS_49_9_AC.pickle,32,pre late,1.2531328320802002
262,BS_49,BS_49_9_AC.pickle,33,pre late,14.95098039215687
263,BS_49,BS_49_9_AC.pickle,45,pre late,4.076923076923076
264,BS_49,BS_49_9_AC.pickle,49,pre late,1.1029411764705879
265,BS_49,BS_49_9_AC.pickle,61,pre late,11.102941176470594
266,BS_49,BS_49_9_AC.pickle,62,pre late,0.6127450980392155
267,BS_40,BS_40_12_AC.pickle,2,pre expert,3.647798742138366
268,BS_40,BS_40_12_AC.pickle,5,pre expert,1.509433962264151
269,BS_40,BS_40_12_AC.pickle,6,pre expert,0.0
270,BS_40,BS_40_12_AC.pickle,27,pre expert,2.1383647798742134
271,BS_40,BS_40_12_AC.pickle,29,pre expert,2.767295597484277
272,BS_40,BS_40_12_AC.pickle,50,pre expert,3.773584905660378
273,BS_40,BS_40_12_AC.pickle,52,pre expert,7.169811320754717
274,BS_40,BS_40_12_AC.pickle,56,pre expert,4.528301886792454
275,BS_40,BS_40_12_AC.pickle,57,pre expert,3.396226415094339
276,BS_40,BS_40_12_AC.pickle,80,pre expert,7.044025157232703
277,BS_40,BS_40_12_AC.pickle,82,pre expert,
278,BS_40,BS_40_12_AC.pickle,85,pre expert,2.6666666666666665
279,BS_40,BS_40_12_AC.pickle,86,pre expert,
280,BS_40,BS_40_12_AC.pickle,90,pre expert,
281,BS_40,BS_40_12_AC.pickle,100,pre expert,4.150943396226414
282,BS_40,BS_40_12_AC.pickle,103,pre expert,0.7547169811320753
283,BS_40,BS_40_12_AC.pickle,110,pre expert,
284,BS_40,BS_40_12_AC.pickle,118,pre expert,2.1383647798742147
285,BS_40,BS_40_12_AC.pickle,119,pre expert,
286,BS_67,BS_67_1_AC.pickle,10,post late,1.9209039548022588
287,BS_67,BS_67_1_AC.pickle,14,post late,4.7047619047619165
288,BS_67,BS_67_1_AC.pickle,16,post late,4.957264957264958
289,BS_67,BS_67_1_AC.pickle,19,post late,17.858880778588805
290,BS_67,BS_67_1_AC.pickle,31,post late,10.419047619047602
291,BS_67,BS_67_1_AC.pickle,55,post late,14.684095860566448
292,BS_67,BS_67_1_AC.pickle,59,post late,7.999999999999997
293,BS_70,BS_70_8_AC.pickle,1,post late,3.039014373716636
294,BS_70,BS_70_8_AC.pickle,3,post late,1.9134396355353085
295,BS_70,BS_70_8_AC.pickle,18,post late,1.3689253935660464
296,BS_70,BS_70_8_AC.pickle,20,post late,3.737166324435318
297,BS_70,BS_70_8_AC.pickle,21,post late,13.699788583509507
298,BS_70,BS_70_8_AC.pickle,25,post late,0.7255304585900076
299,BS_70,BS_70_8_AC.pickle,28,post late,1.5958240119313933
300,BS_70,BS_70_8_AC.pickle,29,post late,1.4373716632443516
301,BS_70,BS_70_8_AC.pickle,32,post late,0.6511627906976741
302,BS_70,BS_70_8_AC.pickle,36,post late,2.2771535580524342
303,BS_70,BS_70_8_AC.pickle,40,post late,1.6837782340862437
304,BS_70,BS_70_8_AC.pickle,42,post late,2.4914442162902133
305,BS_70,BS_70_8_AC.pickle,48,post late,10.363984674329505
306,BS_70,BS_70_8_AC.pickle,52,post late,0.5065023956194391
307,BS_70,BS_70_8_AC.pickle,53,post late,0.3361344537815123
308,BS_49,BS_49_5_AC.pickle,9,pre early,9.333333333333332
309,BS_49,BS_49_5_AC.pickle,13,pre early,1.9555555555555557
310,BS_49,BS_49_5_AC.pickle,14,pre early,3.9999999999999987
311,BS_49,BS_49_5_AC.pickle,18,pre early,4.711111111111111
312,BS_49,BS_49_5_AC.pickle,24,pre early,0.8888888888888887
313,BS_40,BS_40_8_AC.pickle,6,pre late,1.6903313049357678
314,BS_40,BS_40_8_AC.pickle,25,pre late,0.6700167504187602
315,BS_40,BS_40_8_AC.pickle,33,pre late,0.7167004732927654
316,BS_40,BS_40_8_AC.pickle,34,pre late,0.5544286680189319
317,BS_40,BS_40_8_AC.pickle,40,pre late,0.8160123171670507
318,BS_40,BS_40_8_AC.pickle,44,pre late,0.9642560266001666
319,BS_40,BS_40_8_AC.pickle,45,pre late,1.01123595505618
320,BS_40,BS_40_8_AC.pickle,48,pre late,0.2802359882005899
321,BS_40,BS_40_4_AC.pickle,0,pre late,1.3733333333333333
322,BS_40,BS_40_4_AC.pickle,1,pre late,1.12
323,BS_40,BS_40_4_AC.pickle,7,pre late,1.5600000000000005
324,BS_40,BS_40_4_AC.pickle,9,pre late,0.5599999999999994
325,BS_40,BS_40_4_AC.pickle,10,pre late,0.3733333333333331
326,BS_40,BS_40_4_AC.pickle,15,pre late,11.140939597315437
327,BS_40,BS_40_4_AC.pickle,18,pre late,18.91472868217054
328,BS_40,BS_40_4_AC.pickle,29,pre late,7.160000000000004
329,BS_49,BS_49_10_AC.pickle,12,pre late,1.0840108401084012
330,DS_15,DS_15_14_AC.pickle,0,post expert,5.241379310344827
331,DS_15,DS_15_14_AC.pickle,1,post expert,1.1954022988505755
332,DS_15,DS_15_14_AC.pickle,18,post expert,0.5057471264367815
333,DS_15,DS_15_14_AC.pickle,20,post expert,3.954022988505749
334,DS_15,DS_15_14_AC.pickle,21,post expert,
335,DS_15,DS_15_14_AC.pickle,31,post expert,12.597701149425287
336,DS_15,DS_15_14_AC.pickle,36,post expert,5.011494252873567
337,DS_15,DS_15_14_AC.pickle,41,post expert,10.666666666666663
338,DS_15,DS_15_14_AC.pickle,44,post expert,18.896551724137936
339,DS_15,DS_15_14_AC.pickle,52,post expert,10.482758620689644
340,DS_15,DS_15_14_AC.pickle,54,post expert,4.689655172413795
341,DS_15,DS_15_14_AC.pickle,55,post expert,2.7126436781609216
342,DS_15,DS_15_14_AC.pickle,58,post expert,10.89655172413793
343,DS_15,DS_15_14_AC.pickle,59,post expert,2.0229885057471244
344,DS_15,DS_15_14_AC.pickle,65,post expert,2.8965517241379257
345,DS_15,DS_15_14_AC.pickle,66,post expert,5.885057471264375
346,DS_15,DS_15_14_AC.pickle,71,post expert,0.8602150537634412
347,DS_15,DS_15_14_AC.pickle,72,post expert,2.3448275862068964
348,DS_15,DS_15_14_AC.pickle,73,post expert,0.41379310344827586
349,DS_15,DS_15_14_AC.pickle,82,post expert,1.4252873563218391
350,DS_15,DS_15_14_AC.pickle,84,post expert,1.7931034482758625
351,DS_15,DS_15_14_AC.pickle,86,post expert,3.954022988505745
352,DS_15,DS_15_14_AC.pickle,87,post expert,2.4827586206896544
353,DS_15,DS_15_14_AC.pickle,89,post expert,2.160919540229885
354,DS_15,DS_15_14_AC.pickle,93,post expert,1.7931034482758617
355,DS_15,DS_15_14_AC.pickle,100,post expert,22.94252873563219
356,DS_15,DS_15_14_AC.pickle,104,post expert,2.850574712643673
357,DS_15,DS_15_14_AC.pickle,114,post expert,16.32183908045977
358,DS_15,DS_15_14_AC.pickle,121,post expert,9.287356321839077
359,DS_15,DS_15_14_AC.pickle,137,post expert,1.241379310344828
360,DS_15,DS_15_14_AC.pickle,146,post expert,3.4482758620689644
361,BS_87,BS_87_4_AC.pickle,3,post early,25.031446540880523
362,BS_87,BS_87_4_AC.pickle,10,post early,7.111111111111113
363,BS_87,BS_87_4_AC.pickle,15,post early,4.685534591194957
364,BS_87,BS_87_4_AC.pickle,18,post early,5.424528301886788
365,BS_87,BS_87_4_AC.pickle,19,post early,2.9874213836478005
366,BS_87,BS_87_4_AC.pickle,26,post early,33.738848337388504
367,BS_87,BS_87_4_AC.pickle,27,post early,23.09748427672956
368,BS_87,BS_87_4_AC.pickle,33,post early,3.0660377358490445
369,BS_87,BS_87_4_AC.pickle,34,post early,22.123142250530776
370,BS_87,BS_87_4_AC.pickle,35,post early,10.40880503144656
371,BS_87,BS_87_4_AC.pickle,38,post early,23.238993710691823
372,BS_87,BS_87_4_AC.pickle,44,post early,21.63934426229508
373,BS_87,BS_87_4_AC.pickle,45,post early,5.786163522012576
374,BS_87,BS_87_4_AC.pickle,57,post early,31.69811320754721
375,BS_87,BS_87_4_AC.pickle,62,post early,1.9624819624819636
376,BS_87,BS_87_4_AC.pickle,63,post early,8.396226415094338
377,BS_87,BS_87_4_AC.pickle,73,post early,18.3018867924528
378,BS_87,BS_87_4_AC.pickle,74,post early,7.738478027867095
379,BS_87,BS_87_4_AC.pickle,80,post early,9.066666666666668
380,BS_87,BS_87_4_AC.pickle,82,post early,15.297619047619047
381,BS_87,BS_87_4_AC.pickle,99,post early,22.452830188679236
382,BS_87,BS_87_4_AC.pickle,115,post early,28.467309753483388
383,BS_87,BS_87_4_AC.pickle,124,post early,1.3153153153153143
384,BS_87,BS_87_4_AC.pickle,125,post early,15.425531914893616
385,BS_87,BS_87_4_AC.pickle,141,post early,16.58805031446541
386,BS_87,BS_87_4_AC.pickle,142,post early,6.100628930817611
387,BS_87,BS_87_4_AC.pickle,145,post early,1.8821459982409852
388,BS_87,BS_87_4_AC.pickle,154,post early,4.2222222222222205
389,BS_87,BS_87_4_AC.pickle,156,post early,7.64150943396227
390,BS_87,BS_87_4_AC.pickle,162,post early,11.132075471698109
391,BS_87,BS_87_4_AC.pickle,166,post early,1.3993710691823895
392,BS_87,BS_87_4_AC.pickle,172,post early,7.169811320754737
393,BS_87,BS_87_4_AC.pickle,181,post early,6.9605142332415015
394,BS_87,BS_87_4_AC.pickle,187,post early,24.64285714285714
395,BS_87,BS_87_4_AC.pickle,211,post early,7.844311377245513
396,BS_87,BS_87_4_AC.pickle,216,post early,7.31132075471699
397,BS_87,BS_87_4_AC.pickle,219,post early,6.338797814207649
398,BS_87,BS_87_4_AC.pickle,227,post early,1.553166069295103
399,BS_87,BS_87_4_AC.pickle,260,post early,4.293785310734464
400,BS_87,BS_87_4_AC.pickle,267,post early,86.08490566037736
401,BS_72,BS_72_10_AC.pickle,1,post late,1.2790697674418603
402,BS_72,BS_72_10_AC.pickle,13,post late,1.214203894616265
403,BS_72,BS_72_10_AC.pickle,18,post late,13.402061855670107
404,BS_72,BS_72_10_AC.pickle,24,post late,1.351660939289803
405,BS_72,BS_72_10_AC.pickle,31,post late,0.726817042606514
406,BS_72,BS_72_10_AC.pickle,32,post late,0.7331042382588774
407,BS_72,BS_72_10_AC.pickle,39,post late,2.7949599083619705
408,BS_72,BS_72_4_AC.pickle,0,post early,21.666666666666654
409,BS_72,BS_72_4_AC.pickle,2,post early,1.4754098360655743
410,BS_72,BS_72_4_AC.pickle,7,post early,2.019607843137254
411,BS_72,BS_72_4_AC.pickle,9,post early,7.363945578231298
412,BS_72,BS_72_4_AC.pickle,10,post early,6.802721088435374
413,BS_72,BS_72_4_AC.pickle,11,post early,12.569659442724467
414,BS_72,BS_72_4_AC.pickle,12,post early,1.1054421768707474
415,BS_72,BS_72_4_AC.pickle,34,post early,3.3163265306122454
416,BS_72,BS_72_4_AC.pickle,43,post early,1.3605442176870752
417,BS_72,BS_72_4_AC.pickle,44,post early,4.075117370892018
418,BS_72,BS_72_4_AC.pickle,46,post early,7.562189054726367
419,BS_72,BS_72_4_AC.pickle,54,post early,10.068027210884367
420,BS_72,BS_72_4_AC.pickle,55,post early,31.238938053097336
421,BS_72,BS_72_4_AC.pickle,64,post early,6.955782312925171
422,BS_72,BS_72_4_AC.pickle,68,post early,4.642857142857143
423,BS_72,BS_72_4_AC.pickle,70,post early,18.323108384458077
424,BS_72,BS_72_4_AC.pickle,79,post early,5.986394557823132
425,BS_72,BS_72_4_AC.pickle,80,post early,0.5660377358490566
426,BS_72,BS_72_4_AC.pickle,88,post early,5.493197278911565
427,BS_72,BS_72_4_AC.pickle,90,post early,1.2474437627811858
428,BS_72,BS_72_4_AC.pickle,95,post early,1.7687074829931975
429,BS_72,BS_72_4_AC.pickle,100,post early,0.37037037037037046
430,BS_72,BS_72_4_AC.pickle,101,post early,5.346534653465347
431,BS_72,BS_72_4_AC.pickle,114,post early,1.4575866188769409
432,BS_72,BS_72_4_AC.pickle,115,post early,29.14965986394558
433,BS_41,BS_41_2_AC.pickle,10,post early,1.456200227531286
434,BS_41,BS_41_2_AC.pickle,23,post early,1.5532286212914481
435,BS_41,BS_41_2_AC.pickle,52,post early,27.225130890052355
436,BS_41,BS_41_2_AC.pickle,55,post early,5.543478260869565
437,BS_41,BS_41_2_AC.pickle,70,post early,0.593368237347295
438,BS_41,BS_41_2_AC.pickle,119,post early,1.1343804537521804
439,BS_41,BS_41_2_AC.pickle,155,post early,2.494004796163069
440,BS_41,BS_41_2_AC.pickle,200,post early,5.657492354740061
441,BS_41,BS_41_2_AC.pickle,210,post early,0.9249563699825483
442,BS_41,BS_41_2_AC.pickle,236,post early,5.222222222222222
443,DS_15,DS_15_17_AC.pickle,0,post expert,2.258953168044077
444,DS_15,DS_15_17_AC.pickle,2,post expert,0.5509641873278238
445,DS_15,DS_15_17_AC.pickle,5,post expert,2.231404958677685
446,DS_15,DS_15_17_AC.pickle,8,post expert,2.7572016460905346
447,DS_15,DS_15_17_AC.pickle,14,post expert,0.6267806267806271
448,DS_15,DS_15_17_AC.pickle,15,post expert,4.022038567493117
449,DS_15,DS_15_17_AC.pickle,22,post expert,0.6887052341597799
450,DS_15,DS_15_17_AC.pickle,25,post expert,1.2500000000000002
451,DS_15,DS_15_17_AC.pickle,26,post expert,1.4207650273224042
452,DS_15,DS_15_17_AC.pickle,28,post expert,1.871345029239766
453,DS_15,DS_15_17_AC.pickle,35,post expert,1.1845730027548207
454,DS_15,DS_15_17_AC.pickle,40,post expert,0.6866952789699573
455,DS_15,DS_15_17_AC.pickle,49,post expert,2.9201101928374653
456,DS_15,DS_15_17_AC.pickle,54,post expert,2.4517906336088164
457,DS_15,DS_15_17_AC.pickle,65,post expert,0.6887052341597795
458,BS_40,BS_40_19_AC.pickle,1,post late,0.8281573498964818
459,BS_40,BS_40_19_AC.pickle,3,post late,1.7681159420289831
460,BS_40,BS_40_19_AC.pickle,6,post late,2.056590752242929
461,BS_40,BS_40_19_AC.pickle,8,post late,1.463077984817115
462,BS_40,BS_40_19_AC.pickle,19,post late,1.8771566597653586
463,BS_40,BS_40_19_AC.pickle,22,post late,6.749482401656327
464,BS_40,BS_40_19_AC.pickle,31,post late,2.1808143547273975
465,BS_40,BS_40_19_AC.pickle,33,post late,1.78117048346056
466,BS_40,BS_40_19_AC.pickle,34,post late,0.6042296072507553
467,BS_40,BS_40_19_AC.pickle,35,post late,4.483260553129552
468,BS_40,BS_40_19_AC.pickle,46,post late,1.5596963423050387
469,BS_40,BS_40_19_AC.pickle,47,post late,0.5935127674258112
470,BS_40,BS_40_19_AC.pickle,48,post late,3.050379572118701
471,BS_72,BS_72_6_AC.pickle,0,post late,0.47519217330538105
472,BS_72,BS_72_6_AC.pickle,7,post late,15.826666666666659
473,BS_72,BS_72_6_AC.pickle,12,post late,2.866666666666672
474,BS_72,BS_72_6_AC.pickle,13,post late,2.72
475,BS_72,BS_72_6_AC.pickle,14,post late,4.483430799220272
476,BS_72,BS_72_6_AC.pickle,17,post late,3.893333333333338
477,BS_72,BS_72_6_AC.pickle,22,post late,1.2490241998438727
478,BS_72,BS_72_6_AC.pickle,23,post late,11.053333333333326
479,BS_72,BS_72_6_AC.pickle,26,post late,11.373333333333322
480,BS_72,BS_72_6_AC.pickle,27,post late,7.605409705648372
481,BS_72,BS_72_6_AC.pickle,28,post late,2.960000000000004
482,BS_72,BS_72_6_AC.pickle,29,post late,2.692939244663382
483,BS_72,BS_72_6_AC.pickle,31,post late,8.69333333333334
484,BS_72,BS_72_6_AC.pickle,32,post late,2.7188081936685298
485,BS_72,BS_72_6_AC.pickle,40,post late,21.863799283154098
486,BS_72,BS_72_6_AC.pickle,41,post late,5.613333333333349
487,BS_72,BS_72_6_AC.pickle,42,post late,2.759999999999996
488,BS_72,BS_72_6_AC.pickle,43,post late,4.7092198581560245
489,BS_72,BS_72_6_AC.pickle,45,post late,2.1637426900584784
490,BS_72,BS_72_6_AC.pickle,57,post late,3.713768115942031
491,BS_72,BS_72_6_AC.pickle,61,post late,9.069373942470387
492,BS_72,BS_72_6_AC.pickle,64,post late,2.93453724604966
493,BS_72,BS_72_6_AC.pickle,65,post late,2.0788530465949817
494,BS_42,BS_42_10_AC.pickle,3,post expert,2.4736048265460027
495,BS_42,BS_42_10_AC.pickle,8,post expert,4.253393665158373
496,BS_42,BS_42_10_AC.pickle,10,post expert,4.645550527903469
497,BS_42,BS_42_10_AC.pickle,11,post expert,1.4781297134238316
498,BS_42,BS_42_10_AC.pickle,17,post expert,0.6938159879336351
499,BS_42,BS_42_10_AC.pickle,18,post expert,2.9141716566866256
500,BS_42,BS_42_10_AC.pickle,20,post expert,1.1418047882136282
501,BS_42,BS_42_10_AC.pickle,26,post expert,15.656108597285073
502,BS_42,BS_42_10_AC.pickle,41,post expert,
503,BS_42,BS_42_8_AC.pickle,13,post expert,5.114942528735632
504,BS_42,BS_42_8_AC.pickle,14,post expert,3.9924670433145044
505,BS_40,BS_40_22_AC.pickle,0,post expert,
506,BS_40,BS_40_22_AC.pickle,1,post expert,0.5656565656565657
507,BS_40,BS_40_22_AC.pickle,7,post expert,5.494949494949493
508,BS_40,BS_40_22_AC.pickle,11,post expert,9.047619047619046
509,BS_40,BS_40_22_AC.pickle,13,post expert,0.9696969696969694
510,DS_19,DS_19_14_AC.pickle,3,post expert,1.151960784313725
511,DS_19,DS_19_14_AC.pickle,15,post expert,1.0752688172043012
512,DS_19,DS_19_14_AC.pickle,19,post expert,19.142156862745075
513,DS_19,DS_19_14_AC.pickle,46,post expert,
514,DS_19,DS_19_14_AC.pickle,47,post expert,5.612745098039214
515,DS_19,DS_19_14_AC.pickle,51,post expert,2.9166666666666665
516,DS_19,DS_19_14_AC.pickle,52,post expert,1.1904761904761905
517,DS_19,DS_19_14_AC.pickle,58,post expert,1.056105610561056
518,DS_19,DS_19_14_AC.pickle,59,post expert,2.753623188405797
519,BS_40,BS_40_6_AC.pickle,4,pre late,0.8281573498964798
520,BS_40,BS_40_6_AC.pickle,7,pre late,1.8697829716193657
521,BS_40,BS_40_6_AC.pickle,10,pre late,0.4563160823594876
522,BS_40,BS_40_6_AC.pickle,11,pre late,2.370617696160264
523,BS_40,BS_40_6_AC.pickle,15,pre late,15.859766277128557
524,BS_40,BS_40_6_AC.pickle,21,pre late,3.154362416107376
525,BS_40,BS_40_6_AC.pickle,24,pre late,7.490261547022819
526,BS_40,BS_40_6_AC.pickle,25,pre late,0.8242950108459874
527,BS_40,BS_40_6_AC.pickle,26,pre late,2.1146355036171425
528,BS_40,BS_40_6_AC.pickle,27,pre late,1.8809126321647172
529,BS_49,BS_49_1_AC.pickle,0,pre early,0.8672086720867209
530,BS_49,BS_49_1_AC.pickle,4,pre early,3.3965672990063256
531,BS_49,BS_49_1_AC.pickle,6,pre early,23.1616982836495
532,BS_49,BS_49_1_AC.pickle,8,pre early,1.5537488708220426
533,BS_49,BS_49_1_AC.pickle,10,pre early,6.919602529358627
534,BS_49,BS_49_1_AC.pickle,11,pre early,2.890695573622398
535,BS_49,BS_49_1_AC.pickle,15,pre early,0.6504065040650405
536,BS_49,BS_49_1_AC.pickle,23,pre early,6.39566395663957
537,BS_49,BS_49_1_AC.pickle,24,pre early,10.514905149051494
538,BS_49,BS_49_1_AC.pickle,29,pre early,1.8809523809523805
539,BS_49,BS_49_1_AC.pickle,33,pre early,0.5420054200542004
540,BS_49,BS_49_1_AC.pickle,34,pre early,1.6440831074977424
541,BS_49,BS_49_1_AC.pickle,37,pre early,0.996884735202492
542,BS_49,BS_49_1_AC.pickle,46,pre early,3.5772357723577217
543,BS_49,BS_49_1_AC.pickle,48,pre early,1.102077687443541
544,BS_49,BS_49_1_AC.pickle,49,pre early,1.3188798554652204
545,BS_49,BS_49_1_AC.pickle,58,pre early,2.0596205962059693
546,BS_49,BS_49_1_AC.pickle,66,pre early,3.1255645889792247
547,BS_49,BS_49_1_AC.pickle,69,pre early,1.9331526648599808
548,BS_49,BS_49_1_AC.pickle,71,pre early,1.0117434507678411
549,BS_49,BS_49_1_AC.pickle,73,pre early,0.8491418247515814
550,BS_49,BS_49_1_AC.pickle,74,pre early,3.595302619692863
551,BS_49,BS_49_1_AC.pickle,80,pre early,1.2285456187895218
552,BS_49,BS_49_1_AC.pickle,81,pre early,0.8130081300812999
553,BS_49,BS_49_1_AC.pickle,82,pre early,4.6251129177958425
554,BS_49,BS_49_1_AC.pickle,83,pre early,0.5500550055005501
555,BS_49,BS_49_1_AC.pickle,94,pre early,0.3750000000000003
556,BS_49,BS_49_1_AC.pickle,96,pre early,8.148148148148158
557,BS_49,BS_49_1_AC.pickle,97,pre early,1.4453477868112015
558,BS_49,BS_49_1_AC.pickle,105,pre early,1.2748171368861032
559,BS_49,BS_49_1_AC.pickle,108,pre early,2.2764227642276462
560,BS_49,BS_49_1_AC.pickle,111,pre early,1.2285456187895205
561,BS_49,BS_49_1_AC.pickle,112,pre early,2.2944896115627853
562,BS_49,BS_49_1_AC.pickle,113,pre early,1.6260162601626023
563,BS_49,BS_49_1_AC.pickle,118,pre early,1.9152854511970507
564,BS_49,BS_49_1_AC.pickle,124,pre early,4.433497536945816
565,BS_49,BS_49_1_AC.pickle,129,pre early,12.195121951219514
566,BS_49,BS_49_1_AC.pickle,132,pre early,2.6738934056007264
567,BS_49,BS_49_1_AC.pickle,133,pre early,0.28906955736224027
568,BS_49,BS_49_1_AC.pickle,135,pre early,4.724061810154522
569,BS_49,BS_49_1_AC.pickle,143,pre early,11.074977416440833
570,BS_49,BS_49_1_AC.pickle,146,pre early,1.3730803974706407
571,BS_49,BS_49_1_AC.pickle,150,pre early,1.7886178861788622
572,BS_49,BS_49_1_AC.pickle,152,pre early,0.9936766034326998
573,BS_49,BS_49_1_AC.pickle,155,pre early,1.2672176308539942
574,BS_49,BS_49_1_AC.pickle,157,pre early,0.5058717253839211
575,BS_49,BS_49_1_AC.pickle,161,pre early,1.7705510388437231
576,BS_49,BS_49_1_AC.pickle,162,pre early,2.603550295857989
577,BS_49,BS_49_1_AC.pickle,169,pre early,1.318879855465221
578,BS_49,BS_49_1_AC.pickle,176,pre early,0.6349206349206346
579,BS_49,BS_49_1_AC.pickle,178,pre early,5.185185185185187
580,BS_49,BS_49_1_AC.pickle,188,pre early,1.5686274509803924
581,BS_108,BS_108_4_AC.pickle,26,post early,2.8528528528528545
582,BS_108,BS_108_4_AC.pickle,93,post early,1.9721329046087879
583,DS_15,DS_15_16_AC.pickle,0,post expert,0.4710144927536232
584,DS_15,DS_15_16_AC.pickle,7,post expert,5.218702865761691
585,DS_15,DS_15_16_AC.pickle,17,post expert,3.454345434543459
586,DS_15,DS_15_16_AC.pickle,23,post expert,20.330033003300322
587,DS_15,DS_15_16_AC.pickle,26,post expert,17.469746974697454
588,DS_15,DS_15_16_AC.pickle,27,post expert,6.138613861386135
589,DS_15,DS_15_16_AC.pickle,32,post expert,6.2926292629262734
590,DS_15,DS_15_16_AC.pickle,33,post expert,11.770833333333329
591,DS_15,DS_15_16_AC.pickle,35,post expert,1.8701870187018705
592,DS_15,DS_15_16_AC.pickle,38,post expert,2.9702970297029694
593,DS_15,DS_15_16_AC.pickle,40,post expert,3.1023102310231043
594,DS_15,DS_15_16_AC.pickle,48,post expert,7.524752475247523
595,DS_15,DS_15_16_AC.pickle,49,post expert,2.1562156215621573
596,DS_15,DS_15_16_AC.pickle,68,post expert,8.444444444444443
597,DS_15,DS_15_16_AC.pickle,69,post expert,13.962804005722464
598,DS_15,DS_15_16_AC.pickle,70,post expert,1.3110181311018136
599,DS_15,DS_15_16_AC.pickle,72,post expert,1.8041804180418053
600,DS_15,DS_15_16_AC.pickle,73,post expert,1.8921892189218927
601,DS_15,DS_15_16_AC.pickle,77,post expert,90.45104510451036
602,DS_15,DS_15_16_AC.pickle,78,post expert,2.1342134213421358
603,BS_70,BS_70_13_AC.pickle,5,post expert,0.6435006435006433
604,BS_70,BS_70_13_AC.pickle,8,post expert,3.912483912483913
605,BS_70,BS_70_13_AC.pickle,18,post expert,5.070785070785068
606,BS_42,BS_42_7_AC.pickle,0,post late,0.366666666666666
607,BS_42,BS_42_7_AC.pickle,1,post late,1.2387387387387372
608,BS_42,BS_42_7_AC.pickle,23,post late,12.933333333333316
609,BS_42,BS_42_7_AC.pickle,24,post late,0.5555555555555555
610,BS_42,BS_42_7_AC.pickle,25,post late,3.076923076923086
611,BS_42,BS_42_7_AC.pickle,26,post late,0.7555555555555565
612,BS_42,BS_42_7_AC.pickle,33,post late,6.143410852713168
613,BS_42,BS_42_7_AC.pickle,35,post late,3.4888888888888885
614,BS_42,BS_42_7_AC.pickle,42,post late,5.966666666666689
615,BS_42,BS_42_7_AC.pickle,45,post late,0.4066543438077632
616,BS_42,BS_42_7_AC.pickle,46,post late,0.9000000000000008
617,BS_42,BS_42_7_AC.pickle,47,post late,4.544444444444451
618,BS_42,BS_42_7_AC.pickle,49,post late,0.8937198067632863
619,BS_42,BS_42_7_AC.pickle,50,post late,0.8350730688935278
620,BS_42,BS_42_7_AC.pickle,52,post late,1.9835680751173703
621,BS_42,BS_42_7_AC.pickle,53,post late,0.5000000000000002
622,BS_42,BS_42_7_AC.pickle,58,post late,1.0555555555555551
623,BS_42,BS_42_7_AC.pickle,64,post late,0.7333333333333332
624,BS_42,BS_42_7_AC.pickle,65,post late,1.4000000000000012
625,BS_42,BS_42_7_AC.pickle,66,post late,0.8333333333333334
626,BS_42,BS_42_7_AC.pickle,69,post late,1.1999999999999995
627,BS_42,BS_42_7_AC.pickle,71,post late,2.2098765432098806
628,BS_42,BS_42_7_AC.pickle,72,post late,3.3999999999999977
629,BS_42,BS_42_7_AC.pickle,73,post late,0.6790123456790125
630,BS_42,BS_42_7_AC.pickle,84,post late,0.8444444444444444
631,BS_42,BS_42_7_AC.pickle,89,post late,1.2345679012345678
632,BS_42,BS_42_7_AC.pickle,93,post late,3.9080459770114935
633,BS_42,BS_42_7_AC.pickle,100,post late,32.87449392712553
634,BS_42,BS_42_7_AC.pickle,117,post late,0.3589743589743591
635,BS_42,BS_42_7_AC.pickle,119,post late,0.7888888888888897
636,BS_42,BS_42_7_AC.pickle,124,post late,14.862385321100914
637,BS_56,BS_56_3_AC.pickle,2,post expert,0.9000000000000005
638,BS_56,BS_56_3_AC.pickle,7,post expert,0.5833333333333336
639,BS_56,BS_56_3_AC.pickle,10,post expert,1.1333333333333346
640,BS_56,BS_56_3_AC.pickle,13,post expert,0.6666666666666672
641,BS_56,BS_56_3_AC.pickle,20,post expert,0.7500000000000001
642,BS_56,BS_56_3_AC.pickle,30,post expert,0.4333333333333334
643,BS_56,BS_56_3_AC.pickle,31,post expert,0.5333333333333331
644,BS_56,BS_56_3_AC.pickle,35,post expert,4.383333333333336
645,BS_108,BS_108_6_AC.pickle,2,post early,3.446969696969696
646,BS_108,BS_108_6_AC.pickle,3,post early,5.959595959595956
647,BS_108,BS_108_6_AC.pickle,9,post early,3.833333333333334
648,BS_108,BS_108_6_AC.pickle,33,post early,3.2600732600732596
649,BS_108,BS_108_6_AC.pickle,35,post early,4.944944944944941
650,BS_108,BS_108_6_AC.pickle,38,post early,4.245210727969349
651,BS_108,BS_108_6_AC.pickle,39,post early,1.6757741347905284
652,BS_108,BS_108_6_AC.pickle,47,post early,15.825734549138806
653,BS_108,BS_108_6_AC.pickle,48,post early,9.593869731800776
654,BS_108,BS_108_6_AC.pickle,49,post early,7.203065134099624
655,BS_108,BS_108_6_AC.pickle,50,post early,2.1149425287356345
656,BS_108,BS_108_6_AC.pickle,72,post early,2.7279693486590064
657,BS_108,BS_108_6_AC.pickle,73,post early,5.633528265107213
658,BS_108,BS_108_6_AC.pickle,76,post early,1.5172413793103448
659,BS_108,BS_108_6_AC.pickle,78,post early,1.313432835820895
660,BS_108,BS_108_6_AC.pickle,79,post early,0.9201388888888884
661,BS_108,BS_108_6_AC.pickle,82,post early,1.5019157088122612
662,BS_108,BS_108_6_AC.pickle,88,post early,1.670498084291188
663,BS_108,BS_108_6_AC.pickle,90,post early,1.6941694169416954
664,BS_108,BS_108_6_AC.pickle,125,post early,2.038429406850462
665,BS_108,BS_108_6_AC.pickle,126,post early,16.727272727272727
666,BS_108,BS_108_6_AC.pickle,133,post early,6.099616858237546
667,BS_50,BS_50_7_AC.pickle,3,pre late,0.9416195856873822
668,BS_50,BS_50_7_AC.pickle,5,pre late,1.4061519146264911
669,BS_50,BS_50_7_AC.pickle,10,pre late,0.729684908789386
670,BS_50,BS_50_7_AC.pickle,12,pre late,2.9001883239171367
671,BS_50,BS_50_7_AC.pickle,20,pre late,0.7607192254495159
672,BS_50,BS_50_7_AC.pickle,23,pre late,1.2052730696798484
673,BS_40,BS_40_3_AC.pickle,0,pre late,7.245053272450523
674,BS_40,BS_40_3_AC.pickle,10,pre late,3.1354642313546384
675,BS_40,BS_40_3_AC.pickle,14,pre late,11.430745814307462
676,BS_40,BS_40_3_AC.pickle,15,pre late,14.961948249619475
677,BS_40,BS_40_3_AC.pickle,23,pre late,18.396624472573816
678,BS_40,BS_40_3_AC.pickle,24,pre late,2.906574394463669
679,BS_40,BS_40_3_AC.pickle,30,pre late,1.4548802946593007
680,BS_40,BS_40_3_AC.pickle,33,pre late,2.5665101721439747
681,BS_40,BS_40_3_AC.pickle,36,pre late,1.6151202749140892
682,BS_40,BS_40_3_AC.pickle,37,pre late,1.2024353120243538
683,BS_40,BS_40_3_AC.pickle,53,pre late,1.902587519025875
684,BS_40,BS_40_3_AC.pickle,54,pre late,1.3231552162849871
685,BS_40,BS_40_3_AC.pickle,57,pre late,13.850837138508362
686,BS_40,BS_40_3_AC.pickle,61,pre late,0.6666666666666667
687,BS_40,BS_40_3_AC.pickle,71,pre late,2.009132420091325
688,BS_40,BS_40_3_AC.pickle,76,pre late,1.1886304909560725
689,BS_40,BS_40_3_AC.pickle,81,pre late,3.8051750380517504
690,BS_40,BS_40_3_AC.pickle,84,pre late,1.4611872146118712
691,BS_40,BS_40_3_AC.pickle,105,pre late,0.8903365906623235
692,BS_40,BS_40_3_AC.pickle,108,pre late,1.0350076103500765
693,BS_40,BS_40_3_AC.pickle,109,pre late,1.9354838709677418
694,BS_40,BS_40_3_AC.pickle,111,pre late,12.860360360360373
695,BS_40,BS_40_3_AC.pickle,114,pre late,15.34936998854525
696,BS_40,BS_40_3_AC.pickle,115,pre late,4.279835390946501
697,BS_40,BS_40_3_AC.pickle,121,pre late,12.571428571428571
698,BS_40,BS_40_3_AC.pickle,140,pre late,0.18939393939393936
699,BS_40,BS_40_3_AC.pickle,145,pre late,3.432835820895522
700,BS_40,BS_40_3_AC.pickle,151,pre late,1.4840182648401823
701,BS_40,BS_40_3_AC.pickle,155,pre late,16.910197869101975
702,BS_72,BS_72_2_AC.pickle,0,pre expert,2.1176470588235285
703,BS_72,BS_72_2_AC.pickle,1,pre expert,2.8947368421052637
704,BS_72,BS_72_2_AC.pickle,3,pre expert,22.588235294117645
705,BS_72,BS_72_2_AC.pickle,7,pre expert,6.627450980392157
706,BS_72,BS_72_2_AC.pickle,8,pre expert,2.470588235294118
707,BS_72,BS_72_2_AC.pickle,17,pre expert,6.039215686274509
708,BS_72,BS_72_2_AC.pickle,19,pre expert,12.470588235294118
709,BS_72,BS_72_2_AC.pickle,20,pre expert,2.4489795918367347
710,BS_72,BS_72_2_AC.pickle,26,pre expert,1.9607843137254903
711,BS_72,BS_72_2_AC.pickle,36,pre expert,
712,BS_72,BS_72_2_AC.pickle,45,pre expert,0.9803921568627448
713,BS_72,BS_72_2_AC.pickle,52,pre expert,4.9350649350649345
714,BS_42,BS_42_3_AC.pickle,5,post early,1.6111111111111114
715,BS_42,BS_42_3_AC.pickle,12,post early,130.73333333333332
716,BS_42,BS_42_3_AC.pickle,19,post early,0.7666666666666667
717,BS_42,BS_42_3_AC.pickle,26,post early,2.0333333333333306
718,BS_42,BS_42_3_AC.pickle,27,post early,1.9455252918287929
719,BS_42,BS_42_3_AC.pickle,47,post early,2.103448275862068
720,BS_42,BS_42_3_AC.pickle,48,post early,1.1743119266055055
721,BS_42,BS_42_3_AC.pickle,49,post early,1.3381995133819948
722,BS_42,BS_42_3_AC.pickle,51,post early,4.35555555555556
723,BS_42,BS_42_3_AC.pickle,52,post early,2.6222222222222227
724,BS_42,BS_42_3_AC.pickle,53,post early,13.3
725,BS_42,BS_42_3_AC.pickle,55,post early,0.9222222222222223
726,BS_42,BS_42_3_AC.pickle,56,post early,5.7333333333333405
727,BS_42,BS_42_3_AC.pickle,58,post early,1.9444444444444469
728,BS_42,BS_42_3_AC.pickle,61,post early,12.15555555555555
729,BS_42,BS_42_3_AC.pickle,62,post early,1.0586552217453506
730,BS_42,BS_42_3_AC.pickle,63,post early,18.188034188034212
731,BS_42,BS_42_3_AC.pickle,66,post early,5.1777777777777825
732,BS_42,BS_42_3_AC.pickle,71,post early,20.27777777777778
733,BS_42,BS_42_3_AC.pickle,73,post early,8.211111111111105
734,BS_42,BS_42_3_AC.pickle,80,post early,3.5111111111111133
735,BS_42,BS_42_3_AC.pickle,82,post early,0.4777777777777782
736,BS_42,BS_42_3_AC.pickle,92,post early,4.523809523809525
737,BS_42,BS_42_3_AC.pickle,96,post early,14.34878587196468
738,BS_42,BS_42_3_AC.pickle,97,post early,2.7030812324929983
739,BS_42,BS_42_3_AC.pickle,99,post early,1.3589128697042363
740,BS_42,BS_42_3_AC.pickle,101,post early,0.8659793814432997
741,BS_42,BS_42_3_AC.pickle,102,post early,1.9666666666666681
742,BS_42,BS_42_3_AC.pickle,105,post early,4.008438818565397
743,BS_42,BS_42_3_AC.pickle,107,post early,50.97777777777771
744,BS_49,BS_49_2_AC.pickle,4,pre early,3.1652661064425747
745,BS_49,BS_49_2_AC.pickle,6,pre early,4.17254901960784
746,BS_49,BS_49_2_AC.pickle,11,pre early,4.188235294117644
747,BS_49,BS_49_2_AC.pickle,12,pre early,17.731481481481474
748,BS_49,BS_49_2_AC.pickle,16,pre early,2.2274509803921583
749,BS_49,BS_49_2_AC.pickle,17,pre early,8.800000000000006
750,BS_49,BS_49_2_AC.pickle,20,pre early,1.1764705882352946
751,BS_49,BS_49_2_AC.pickle,26,pre early,8.586387434554972
752,BS_49,BS_49_2_AC.pickle,30,pre early,12.909803921568626
753,BS_49,BS_49_2_AC.pickle,31,pre early,11.921568627450982
754,BS_49,BS_49_2_AC.pickle,39,pre early,5.991341991341984
755,BS_49,BS_49_2_AC.pickle,42,pre early,3.5294117647058783
756,BS_49,BS_49_2_AC.pickle,47,pre early,10.149019607843137
757,BS_49,BS_49_2_AC.pickle,58,pre early,2.7607843137254893
758,BS_49,BS_49_2_AC.pickle,60,pre early,1.3019607843137266
759,BS_49,BS_49_2_AC.pickle,64,pre early,2.337254901960788
760,BS_49,BS_49_2_AC.pickle,66,pre early,2.268041237113404
761,BS_49,BS_49_2_AC.pickle,69,pre early,1.8829516539440205
762,BS_49,BS_49_2_AC.pickle,78,pre early,5.239215686274507
763,BS_49,BS_49_2_AC.pickle,86,pre early,2.7294117647058846
764,BS_49,BS_49_2_AC.pickle,90,pre early,6.698039215686274
765,BS_49,BS_49_2_AC.pickle,102,pre early,2.2745098039215708
766,BS_49,BS_49_2_AC.pickle,105,pre early,3.8745098039215673
767,BS_49,BS_49_2_AC.pickle,110,pre early,8.594771241830069
768,BS_49,BS_49_2_AC.pickle,111,pre early,11.230769230769228
769,BS_49,BS_49_2_AC.pickle,113,pre early,4.207119741100325
770,BS_49,BS_49_2_AC.pickle,115,pre early,1.3102119460500967
771,BS_49,BS_49_2_AC.pickle,116,pre early,4.396135265700484
772,BS_49,BS_49_2_AC.pickle,122,pre early,6.829268292682932
773,BS_49,BS_49_2_AC.pickle,127,pre early,4.128902316213494
774,BS_49,BS_49_2_AC.pickle,128,pre early,15.647382920110184
775,BS_87,BS_87_7_AC.pickle,6,post early,13.504273504273502
776,BS_87,BS_87_7_AC.pickle,9,post early,1.9783197831978288
777,BS_87,BS_87_7_AC.pickle,11,post early,1.2444444444444451
778,BS_49,BS_49_7_AC.pickle,2,pre late,4.8717948717948705
779,BS_49,BS_49_7_AC.pickle,4,pre late,5.897435897435897
780,BS_87,BS_87_11_AC.pickle,1,post expert,0.6403013182674195
781,BS_87,BS_87_11_AC.pickle,4,post expert,5.68738229755179
782,BS_87,BS_87_11_AC.pickle,10,post expert,7.0588235294117645
783,BS_87,BS_87_11_AC.pickle,12,post expert,4.595103578154426
784,BS_87,BS_87_11_AC.pickle,31,post expert,
785,BS_70,BS_70_9_AC.pickle,8,post late,0.6381534283774596
786,BS_70,BS_70_9_AC.pickle,9,post late,2.565400843881853
787,BS_70,BS_70_9_AC.pickle,14,post late,1.0997963340122203
788,BS_70,BS_70_9_AC.pickle,15,post late,1.439239646978954
789,BS_70,BS_70_9_AC.pickle,20,post late,1.068702290076336
790,BS_70,BS_70_9_AC.pickle,21,post late,2.1076233183856505
791,BS_70,BS_70_9_AC.pickle,34,post late,0.7246376811594196
792,BS_70,BS_70_9_AC.pickle,35,post late,4.317718940936871
793,BS_70,BS_70_9_AC.pickle,36,post late,1.9959266802444025
794,BS_70,BS_70_9_AC.pickle,38,post late,1.6564833672776647
795,BS_70,BS_70_9_AC.pickle,40,post late,1.3170400543109302
796,BS_70,BS_70_9_AC.pickle,41,post late,0.8934707903780075
797,BS_70,BS_70_9_AC.pickle,48,post late,6.0903426791277235
798,BS_70,BS_70_9_AC.pickle,54,post late,1.041666666666668
799,BS_70,BS_70_9_AC.pickle,56,post late,10.999160369437451
800,BS_70,BS_70_9_AC.pickle,60,post late,8.921282798833824
801,BS_72,BS_72_13_AC.pickle,0,post late,1.321713870733477
802,BS_72,BS_72_13_AC.pickle,6,post late,4.671916010498688
803,BS_72,BS_72_13_AC.pickle,10,post late,7.267759562841531
804,BS_72,BS_72_13_AC.pickle,12,post late,6.840958605664477
805,BS_40,BS_40_15_AC.pickle,0,post early,1.2209302325581386
806,BS_40,BS_40_15_AC.pickle,1,post early,0.9684684684684681
807,BS_40,BS_40_15_AC.pickle,3,post early,3.410852713178299
808,BS_40,BS_40_15_AC.pickle,7,post early,2.002442002442002
809,BS_40,BS_40_15_AC.pickle,10,post early,1.6472868217054268
810,BS_40,BS_40_15_AC.pickle,40,post early,8.148148148148147
811,BS_40,BS_40_15_AC.pickle,47,post early,17.131782945736436
812,BS_40,BS_40_15_AC.pickle,60,post early,0.9688581314878892
813,BS_40,BS_40_15_AC.pickle,62,post early,5.910364145658262
814,BS_40,BS_40_15_AC.pickle,64,post early,2.2286821705426374
815,BS_40,BS_40_15_AC.pickle,66,post early,1.2640163098878694
816,BS_40,BS_40_15_AC.pickle,68,post early,27.03488372093023
817,BS_42,BS_42_4_AC.pickle,0,post early,1.997896950578338
818,BS_42,BS_42_4_AC.pickle,1,post early,2.6182965299684597
819,BS_42,BS_42_4_AC.pickle,7,post early,3.4174553101997858
820,BS_42,BS_42_4_AC.pickle,12,post early,0.8480565371024732
821,BS_42,BS_42_4_AC.pickle,13,post early,2.1766561514195595
822,BS_42,BS_42_4_AC.pickle,16,post early,5.215562565720304
823,BS_42,BS_42_4_AC.pickle,18,post early,6.572029442691902
824,BS_42,BS_42_4_AC.pickle,26,post early,25.541535226077862
825,BS_42,BS_42_4_AC.pickle,29,post early,0.6191265892758429
826,BS_42,BS_42_4_AC.pickle,36,post early,3.3274544385655545
827,BS_42,BS_42_4_AC.pickle,38,post early,1.8822292323869556
828,BS_42,BS_42_4_AC.pickle,40,post early,42.947845804988646
829,BS_42,BS_42_4_AC.pickle,41,post early,38.7802313354363
830,BS_42,BS_42_4_AC.pickle,42,post early,31.629863301787566
831,BS_42,BS_42_4_AC.pickle,45,post early,18.17225509533202
832,BS_42,BS_42_4_AC.pickle,46,post early,1.2855517633674642
833,BS_42,BS_42_4_AC.pickle,47,post early,2.538552787663106
834,BS_42,BS_42_4_AC.pickle,48,post early,7.920110192837468
835,BS_42,BS_42_4_AC.pickle,50,post early,9.481981981981987
836,BS_42,BS_42_4_AC.pickle,51,post early,11.125131440588826
837,BS_42,BS_42_4_AC.pickle,52,post early,0.8441558441558441
838,BS_42,BS_42_4_AC.pickle,57,post early,0.5662100456621005
839,BS_42,BS_42_4_AC.pickle,58,post early,3.880126182965297
840,BS_42,BS_42_4_AC.pickle,61,post early,8.874868559411139
841,BS_42,BS_42_4_AC.pickle,62,post early,1.3669821240799138
842,BS_42,BS_42_4_AC.pickle,63,post early,0.4463040446304044
843,BS_42,BS_42_4_AC.pickle,65,post early,2.660882140274765
844,BS_42,BS_42_4_AC.pickle,66,post early,4.97801231310466
845,BS_42,BS_42_4_AC.pickle,68,post early,21.661409043112503
846,BS_42,BS_42_4_AC.pickle,69,post early,16.29629629629629
847,DS_19,DS_19_18_AC.pickle,4,post expert,1.6969696969696966
848,DS_19,DS_19_18_AC.pickle,6,post expert,1.4787878787878799
849,DS_19,DS_19_18_AC.pickle,10,post expert,10.5939393939394
850,DS_19,DS_19_18_AC.pickle,19,post expert,2.1818181818181817
851,DS_19,DS_19_18_AC.pickle,30,post expert,1.818181818181817
852,BS_70,BS_70_12_AC.pickle,5,post late,1.5359477124183
853,BS_70,BS_70_12_AC.pickle,6,post late,3.1243781094527345
854,BS_70,BS_70_12_AC.pickle,7,post late,0.9309309309309319
855,BS_70,BS_70_12_AC.pickle,19,post late,2.0080321285140563
856,BS_70,BS_70_12_AC.pickle,20,post late,2.5120772946859904
857,BS_42,BS_42_5_AC.pickle,0,post early,2.292993630573249
858,BS_42,BS_42_5_AC.pickle,1,post early,16.133333333333333
859,BS_42,BS_42_5_AC.pickle,3,post early,0.5200000000000011
860,BS_42,BS_42_5_AC.pickle,5,post early,0.8532176428054968
861,BS_42,BS_42_5_AC.pickle,11,post early,1.988950276243093
862,BS_42,BS_42_5_AC.pickle,13,post early,3.173333333333333
863,BS_42,BS_42_5_AC.pickle,20,post early,1.2533333333333334
864,BS_42,BS_42_5_AC.pickle,23,post early,0.6133333333333334
865,BS_42,BS_42_5_AC.pickle,24,post early,0.639999999999999
866,BS_42,BS_42_5_AC.pickle,33,post early,23.386666666666667
867,BS_42,BS_42_5_AC.pickle,38,post early,3.960000000000004
868,BS_42,BS_42_5_AC.pickle,39,post early,2.9395218002812933
869,BS_42,BS_42_5_AC.pickle,41,post early,2.655367231638418
870,DS_19,DS_19_19_AC.pickle,2,post expert,8.825396825396819
871,DS_19,DS_19_19_AC.pickle,21,post expert,35.269841269841265
872,DS_19,DS_19_19_AC.pickle,27,post expert,3.1746031746031784
873,DS_19,DS_19_19_AC.pickle,36,post expert,3.365079365079366
874,DS_19,DS_19_19_AC.pickle,38,post expert,1.0158730158730158
875,DS_19,DS_19_19_AC.pickle,42,post expert,12.126984126984127
876,DS_19,DS_19_19_AC.pickle,45,post expert,1.501831501831502
877,DS_19,DS_19_19_AC.pickle,47,post expert,1.9047619047619044
878,BS_41,BS_41_6_AC.pickle,1,post late,3.7472035794183456
879,BS_41,BS_41_6_AC.pickle,3,post late,12.114093959731518
880,BS_41,BS_41_6_AC.pickle,6,post late,0.5591397849462366
881,BS_41,BS_41_6_AC.pickle,7,post late,7.483221476510067
882,BS_41,BS_41_6_AC.pickle,32,post late,1.4100185528756946
883,BS_108,BS_108_1_AC.pickle,2,pre expert,9.972451790633608
884,BS_108,BS_108_1_AC.pickle,8,pre expert,21.7741935483871
885,BS_108,BS_108_1_AC.pickle,9,pre expert,15.806451612903228
886,BS_108,BS_108_1_AC.pickle,14,pre expert,10.964187327823693
887,BS_108,BS_108_1_AC.pickle,34,pre expert,16.989247311827963
888,BS_108,BS_108_1_AC.pickle,35,pre expert,13.064516129032258
889,BS_40,BS_40_21_AC.pickle,4,post expert,1.4492753623188404
890,BS_40,BS_40_21_AC.pickle,8,post expert,
891,BS_40,BS_40_21_AC.pickle,26,post expert,
892,BS_40,BS_40_21_AC.pickle,27,post expert,
893,BS_40,BS_40_21_AC.pickle,32,post expert,1.3768115942028982
894,BS_40,BS_40_21_AC.pickle,33,post expert,1.6666666666666667
895,BS_40,BS_40_21_AC.pickle,37,post expert,4.166666666666667
896,BS_40,BS_40_21_AC.pickle,42,post expert,2.1014492753623184
897,BS_40,BS_40_21_AC.pickle,49,post expert,5.000000000000001
898,BS_40,BS_40_21_AC.pickle,53,post expert,8.717948717948717
899,BS_40,BS_40_21_AC.pickle,54,post expert,5.999999999999999
900,BS_40,BS_40_21_AC.pickle,55,post expert,1.4492753623188404
901,BS_72,BS_72_7_AC.pickle,12,post late,1.0836277974087158
902,BS_72,BS_72_7_AC.pickle,13,post late,21.69398907103826
903,BS_72,BS_72_7_AC.pickle,14,post late,17.723132969034598
904,BS_72,BS_72_7_AC.pickle,15,post late,5.373406193078319
905,BS_72,BS_72_7_AC.pickle,16,post late,13.806921675774136
906,BS_72,BS_72_7_AC.pickle,33,post late,50.692167577413485
907,BS_72,BS_72_7_AC.pickle,35,post late,12.768670309653915
908,BS_72,BS_72_7_AC.pickle,36,post late,0.3921568627450982
909,BS_40,BS_40_16_AC.pickle,0,post early,2.973621103117507
910,BS_40,BS_40_16_AC.pickle,4,post early,1.3981244671781772
911,BS_40,BS_40_16_AC.pickle,5,post early,0.46035805626598475
912,BS_40,BS_40_16_AC.pickle,10,post early,1.9266837169650464
913,BS_40,BS_40_16_AC.pickle,14,post early,3.5913978494623677
914,BS_40,BS_40_16_AC.pickle,15,post early,1.359649122807018
915,BS_40,BS_40_16_AC.pickle,16,post early,0.559006211180125
916,BS_40,BS_40_16_AC.pickle,21,post early,27.48508098891727
917,BS_40,BS_40_16_AC.pickle,24,post early,27.096774193548367
918,BS_40,BS_40_16_AC.pickle,26,post early,34.12087912087914
919,BS_40,BS_40_16_AC.pickle,35,post early,21.605691056910562
920,BS_72,BS_72_8_AC.pickle,5,post late,11.756978653530378
921,BS_72,BS_72_8_AC.pickle,7,post late,2.5974025974025965
922,BS_72,BS_72_8_AC.pickle,10,post late,31.724137931034477
923,BS_72,BS_72_8_AC.pickle,17,post late,5.648604269293927
924,BS_72,BS_72_8_AC.pickle,18,post late,4.663382594417079
925,BS_72,BS_72_8_AC.pickle,19,post late,4.926108374384244
926,BS_72,BS_72_8_AC.pickle,23,post late,8.243021346469627
927,BS_72,BS_72_8_AC.pickle,36,post late,4.342105263157894
928,BS_72,BS_72_8_AC.pickle,37,post late,0.4926108374384237
929,BS_72,BS_72_8_AC.pickle,44,post late,8.467153284671529
930,BS_87,BS_87_1_AC.pickle,5,pre expert,4.281842818428184
931,BS_87,BS_87_1_AC.pickle,7,pre expert,3.197831978319783
932,BS_87,BS_87_1_AC.pickle,8,pre expert,10.243902439024392
933,BS_87,BS_87_1_AC.pickle,12,pre expert,29.97289972899729
934,BS_87,BS_87_1_AC.pickle,14,pre expert,13.550135501355012
935,BS_87,BS_87_1_AC.pickle,15,pre expert,20.813008130081297
936,BS_87,BS_87_1_AC.pickle,30,pre expert,1.8970189701897027
937,BS_87,BS_87_1_AC.pickle,39,pre expert,67.80487804878047
938,DS_15,DS_15_1_AC.pickle,3,pre expert,7.025948103792412
939,DS_15,DS_15_1_AC.pickle,5,pre expert,5.029940119760474
940,DS_15,DS_15_1_AC.pickle,6,pre expert,2.035928143712575
941,DS_15,DS_15_1_AC.pickle,10,pre expert,
942,DS_15,DS_15_1_AC.pickle,11,pre expert,4.040404040404045
943,DS_15,DS_15_1_AC.pickle,12,pre expert,
944,DS_15,DS_15_1_AC.pickle,16,pre expert,40.59880239520955
945,DS_15,DS_15_1_AC.pickle,22,pre expert,3.5129740518962067
946,DS_15,DS_15_1_AC.pickle,26,pre expert,2.4750499001996
947,DS_15,DS_15_1_AC.pickle,35,pre expert,
948,DS_15,DS_15_1_AC.pickle,44,pre expert,
949,DS_15,DS_15_1_AC.pickle,46,pre expert,11.976047904191617
950,DS_15,DS_15_1_AC.pickle,49,pre expert,3.512974051896207
951,DS_15,DS_15_1_AC.pickle,51,pre expert,
952,DS_15,DS_15_1_AC.pickle,52,pre expert,2.355289421157685
953,DS_15,DS_15_1_AC.pickle,53,pre expert,
954,DS_15,DS_15_1_AC.pickle,54,pre expert,
955,DS_15,DS_15_1_AC.pickle,56,pre expert,
956,DS_15,DS_15_1_AC.pickle,59,pre expert,6.107784431137721
957,DS_15,DS_15_1_AC.pickle,63,pre expert,1.1976047904191622
958,DS_15,DS_15_1_AC.pickle,68,pre expert,
959,DS_15,DS_15_1_AC.pickle,71,pre expert,1.8762475049900198
960,DS_15,DS_15_1_AC.pickle,72,pre expert,
961,DS_15,DS_15_1_AC.pickle,76,pre expert,5.948103792415172
962,DS_15,DS_15_1_AC.pickle,81,pre expert,3.1936127744510974
963,DS_15,DS_15_1_AC.pickle,83,pre expert,
964,DS_15,DS_15_1_AC.pickle,87,pre expert,56.287425149700596
965,BS_51,BS_51_2_AC.pickle,0,post expert,2.0143884892086334
966,BS_51,BS_51_2_AC.pickle,3,post expert,0.927960927960928
967,BS_51,BS_51_2_AC.pickle,7,post expert,1.2454212454212468
968,BS_51,BS_51_2_AC.pickle,12,post expert,0.8302808302808306
969,BS_72,BS_72_9_AC.pickle,2,post late,0.9302325581395349
970,BS_72,BS_72_9_AC.pickle,8,post late,10.048309178743963
971,BS_72,BS_72_9_AC.pickle,11,post late,4.806763285024148
972,DS_19,DS_19_1_AC.pickle,1,pre expert,1.418439716312056
973,DS_19,DS_19_1_AC.pickle,3,pre expert,2.5108225108225097
974,DS_19,DS_19_1_AC.pickle,11,pre expert,1.2647374062165062
975,DS_19,DS_19_1_AC.pickle,12,pre expert,0.3921568627450981
976,DS_19,DS_19_1_AC.pickle,14,pre expert,0.7092198581560281
977,DS_19,DS_19_1_AC.pickle,15,pre expert,0.4232804232804235
978,DS_19,DS_19_1_AC.pickle,41,pre expert,6.619385342789598
979,DS_19,DS_19_1_AC.pickle,43,pre expert,10.40189125295508
980,DS_19,DS_19_1_AC.pickle,65,pre expert,5.91016548463357
981,DS_19,DS_19_1_AC.pickle,68,pre expert,3.2151300236406586
982,DS_19,DS_19_1_AC.pickle,88,pre expert,0.4255319148936173
983,DS_19,DS_19_1_AC.pickle,90,pre expert,0.6304176516942479
984,DS_19,DS_19_1_AC.pickle,91,pre expert,1.6233254531126882
985,DS_19,DS_19_1_AC.pickle,96,pre expert,2.54606365159129
986,DS_19,DS_19_1_AC.pickle,106,pre expert,1.6075650118203286
987,BS_72,BS_72_5_AC.pickle,0,post late,3.1643625192012292
988,BS_72,BS_72_5_AC.pickle,10,post late,39.34666666666668
989,BS_72,BS_72_5_AC.pickle,14,post late,0.9663865546218493
990,BS_72,BS_72_5_AC.pickle,22,post late,24.559999999999995
991,BS_72,BS_72_5_AC.pickle,33,post late,19.02745098039214
992,BS_72,BS_72_5_AC.pickle,36,post late,20.210970464135016
993,BS_72,BS_72_5_AC.pickle,37,post late,1.4879649890590811
994,BS_72,BS_72_5_AC.pickle,42,post late,35.62666666666672
995,BS_72,BS_72_5_AC.pickle,54,post late,0.9322033898305085
996,BS_72,BS_72_5_AC.pickle,55,post late,3.359999999999999
997,BS_72,BS_72_5_AC.pickle,56,post late,1.1755952380952377
998,BS_72,BS_72_5_AC.pickle,58,post late,0.4799999999999999
999,BS_72,BS_72_5_AC.pickle,61,post late,12.133333333333331
1000,BS_72,BS_72_5_AC.pickle,63,post late,0.6666666666666667
1001,BS_72,BS_72_5_AC.pickle,66,post late,5.245098039215683
1002,BS_49,BS_49_6_AC.pickle,0,pre late,5.384615384615385
1003,BS_49,BS_49_6_AC.pickle,4,pre late,12.17948717948718
1004,BS_41,BS_41_5_AC.pickle,2,post late,3.881188118811891
1005,BS_41,BS_41_5_AC.pickle,6,post late,1.6986301369863024
1006,BS_41,BS_41_5_AC.pickle,13,post late,7.492354740061158
1007,BS_41,BS_41_5_AC.pickle,15,post late,2.587064676616916
1008,BS_41,BS_41_5_AC.pickle,67,post late,1.629629629629632
1009,BS_41,BS_41_5_AC.pickle,68,post late,2.9226361031518597
1010,BS_41,BS_41_5_AC.pickle,73,post late,7.102310231023097
1011,BS_41,BS_41_5_AC.pickle,74,post late,4.543524416135881
1012,BS_41,BS_41_5_AC.pickle,85,post late,1.6312056737588698
1013,BS_87,BS_87_8_AC.pickle,1,post late,2.9571984435797676
1014,BS_87,BS_87_8_AC.pickle,2,post late,0.6560846560846563
1015,BS_87,BS_87_8_AC.pickle,3,post late,9.047619047619044
1016,BS_87,BS_87_8_AC.pickle,10,post late,1.3594040968342638
1017,BS_87,BS_87_8_AC.pickle,11,post late,0.9124767225325885
1018,BS_87,BS_87_8_AC.pickle,45,post late,9.925512104283085
1019,BS_87,BS_87_8_AC.pickle,66,post late,0.6553672316384178
1020,BS_87,BS_87_8_AC.pickle,68,post late,12.450980392156863
1021,BS_87,BS_87_8_AC.pickle,71,post late,12.625698324022354
1022,BS_67,BS_67_3_AC.pickle,26,post expert,0.925925925925926
1023,BS_49,BS_49_14_AC.pickle,12,post late,1.2318840579710149
1024,BS_49,BS_49_14_AC.pickle,16,post late,0.7246376811594224
1025,DS_19,DS_19_20_AC.pickle,7,post expert,3.6614853195164114
1026,DS_19,DS_19_20_AC.pickle,8,post expert,2.867012089810018
1027,DS_19,DS_19_20_AC.pickle,14,post expert,4.939550949913645
1028,BS_87,BS_87_9_AC.pickle,0,post late,1.1602209944751387
1029,BS_87,BS_87_9_AC.pickle,2,post late,0.5761316872427984
1030,BS_87,BS_87_9_AC.pickle,3,post late,1.171875000000001
1031,BS_87,BS_87_9_AC.pickle,4,post late,0.7956104252400539
1032,BS_87,BS_87_9_AC.pickle,6,post late,1.1709601873536302
1033,BS_87,BS_87_9_AC.pickle,13,post late,2.386831275720167
1034,BS_87,BS_87_9_AC.pickle,14,post late,1.0090090090090085
1035,BS_87,BS_87_9_AC.pickle,16,post late,0.75445816186557
1036,BS_87,BS_87_9_AC.pickle,25,post late,0.35665294924554153
1037,BS_87,BS_87_9_AC.pickle,27,post late,1.5749235474006134
1038,BS_87,BS_87_9_AC.pickle,30,post late,0.9602194787379965
1039,BS_87,BS_87_9_AC.pickle,31,post late,1.358024691358024
1040,BS_87,BS_87_9_AC.pickle,38,post late,0.8230452674897127
1041,BS_87,BS_87_9_AC.pickle,46,post late,0.5756731662024147
1042,BS_87,BS_87_9_AC.pickle,48,post late,0.5844748858447487
1043,BS_87,BS_87_9_AC.pickle,50,post late,0.6896551724137931
1044,BS_87,BS_87_9_AC.pickle,51,post late,0.8714596949891068
1045,BS_87,BS_87_9_AC.pickle,60,post late,1.430745814307458
1046,BS_87,BS_87_9_AC.pickle,74,post late,13.212121212121213
1047,BS_87,BS_87_9_AC.pickle,77,post late,0.7560137457044674
1048,BS_87,BS_87_9_AC.pickle,86,post late,2.3038156947444226
1049,BS_87,BS_87_9_AC.pickle,87,post late,0.5787037037037044
1050,BS_87,BS_87_9_AC.pickle,105,post late,4.43425076452599
1051,BS_87,BS_87_9_AC.pickle,109,post late,0.2810304449648713
1052,BS_87,BS_87_9_AC.pickle,120,post late,0.4316546762589926
1053,BS_87,BS_87_9_AC.pickle,128,post late,0.9523809523809526
1054,BS_87,BS_87_9_AC.pickle,131,post late,1.221964423820572
1055,BS_87,BS_87_9_AC.pickle,135,post late,1.0678210678210664
1056,BS_41,BS_41_8_AC.pickle,13,post late,3.138173302107734
1057,BS_41,BS_41_8_AC.pickle,15,post late,2.022653721682849
1058,BS_41,BS_41_8_AC.pickle,16,post late,1.4266666666666656
1059,BS_41,BS_41_8_AC.pickle,17,post late,1.6444444444444446
1060,BS_41,BS_41_8_AC.pickle,25,post late,2.512280701754389
1061,BS_41,BS_41_8_AC.pickle,40,post late,2.099999999999997
1062,BS_41,BS_41_8_AC.pickle,49,post late,0.8936550491510256
1063,BS_41,BS_41_8_AC.pickle,57,post late,2.8771929824561395
1064,BS_41,BS_41_8_AC.pickle,58,post late,1.616161616161617
1065,BS_41,BS_41_8_AC.pickle,59,post late,6.636225266362248
1066,BS_41,BS_41_8_AC.pickle,60,post late,11.086142322097386
1067,BS_41,BS_41_8_AC.pickle,61,post late,10.087719298245611
1068,BS_41,BS_41_8_AC.pickle,66,post late,0.720000000000001
1069,BS_41,BS_41_8_AC.pickle,67,post late,1.5677321156773214
1070,BS_41,BS_41_8_AC.pickle,69,post late,0.9156626506024096
1071,BS_41,BS_41_8_AC.pickle,72,post late,1.6720257234726674
1072,BS_41,BS_41_8_AC.pickle,77,post late,7.253333333333332
1073,BS_41,BS_41_8_AC.pickle,79,post late,24.862155388471184
1074,BS_41,BS_41_8_AC.pickle,82,post late,4.712371946414507
1075,BS_41,BS_41_8_AC.pickle,89,post late,9.160671462829736
1076,BS_56,BS_56_4_AC.pickle,5,post expert,3.2653061224489788
1077,BS_56,BS_56_4_AC.pickle,6,post expert,2.3129251700680267
1078,BS_42,BS_42_2_AC.pickle,3,post early,3.813333333333332
1079,BS_42,BS_42_2_AC.pickle,5,post early,4.21256038647343
1080,BS_42,BS_42_2_AC.pickle,7,post early,2.131147540983604
1081,BS_42,BS_42_2_AC.pickle,8,post early,26.400000000000002
1082,BS_42,BS_42_2_AC.pickle,9,post early,3.727422003284073
1083,BS_42,BS_42_2_AC.pickle,12,post early,17.21333333333333
1084,BS_42,BS_42_2_AC.pickle,14,post early,50.14666666666665
1085,BS_42,BS_42_2_AC.pickle,15,post early,2.0800000000000036
1086,BS_42,BS_42_2_AC.pickle,16,post early,65.78666666666653
1087,BS_42,BS_42_2_AC.pickle,17,post early,5.573333333333335
1088,BS_42,BS_42_2_AC.pickle,18,post early,0.973333333333333
1089,BS_42,BS_42_2_AC.pickle,27,post early,11.066666666666672
1090,BS_42,BS_42_2_AC.pickle,41,post early,1.9066666666666656
1091,BS_42,BS_42_2_AC.pickle,48,post early,1.630347054075867
1092,BS_42,BS_42_2_AC.pickle,54,post early,16.600000000000005
1093,BS_42,BS_42_2_AC.pickle,57,post early,17.586666666666652
1094,BS_42,BS_42_2_AC.pickle,61,post early,8.893333333333334
1095,BS_42,BS_42_2_AC.pickle,62,post early,4.186666666666664
1096,BS_42,BS_42_2_AC.pickle,64,post early,6.693333333333342
1097,BS_42,BS_42_2_AC.pickle,68,post early,104.28000000000006
1098,BS_42,BS_42_2_AC.pickle,69,post early,41.93333333333338
1099,BS_42,BS_42_2_AC.pickle,78,post early,1.3999999999999992
1100,BS_42,BS_42_2_AC.pickle,82,post early,19.83999999999999
1101,BS_42,BS_42_2_AC.pickle,84,post early,16.35756056808688
1102,BS_42,BS_42_2_AC.pickle,85,post early,47.17333333333328
1103,BS_42,BS_42_2_AC.pickle,86,post early,22.45333333333335
1104,BS_42,BS_42_2_AC.pickle,89,post early,2.986666666666662
1105,BS_42,BS_42_2_AC.pickle,100,post early,0.9440813362381991
1106,BS_42,BS_42_2_AC.pickle,108,post early,8.469241773962796
1107,BS_42,BS_42_2_AC.pickle,112,post early,12.63492063492064
1108,BS_42,BS_42_2_AC.pickle,115,post early,2.3129251700680267
1109,BS_42,BS_42_2_AC.pickle,116,post early,0.3765227021040976
1110,BS_42,BS_42_2_AC.pickle,118,post early,6.250000000000001
1111,BS_42,BS_42_2_AC.pickle,119,post early,1.0789980732177264
1112,BS_42,BS_42_2_AC.pickle,121,post early,3.6266666666666616
1113,BS_42,BS_42_2_AC.pickle,128,post early,0.8923884514435696
1114,BS_42,BS_42_2_AC.pickle,129,post early,1.233689205219454
1115,BS_42,BS_42_2_AC.pickle,131,post early,1.3199999999999996
1116,BS_42,BS_42_2_AC.pickle,135,post early,1.5615615615615615
1117,DS_15,DS_15_13_AC.pickle,9,post expert,2.2015503875968974
1118,DS_15,DS_15_13_AC.pickle,11,post expert,0.7333333333333332
1119,DS_15,DS_15_13_AC.pickle,12,post expert,1.2073490813648293
1120,DS_15,DS_15_13_AC.pickle,20,post expert,5.466666666666666
1121,DS_15,DS_15_13_AC.pickle,25,post expert,30.433333333333344
1122,DS_15,DS_15_13_AC.pickle,34,post expert,1.3965744400527005
1123,DS_15,DS_15_13_AC.pickle,41,post expert,3.678929765886288
1124,DS_15,DS_15_13_AC.pickle,42,post expert,3.2333333333333325
1125,DS_15,DS_15_13_AC.pickle,60,post expert,0.6878306878306879
1126,DS_15,DS_15_13_AC.pickle,65,post expert,7.596899224806206
1127,DS_15,DS_15_13_AC.pickle,67,post expert,2.150537634408603
1128,DS_15,DS_15_13_AC.pickle,69,post expert,2.2831050228310494
1129,DS_15,DS_15_13_AC.pickle,70,post expert,22.25
1130,DS_15,DS_15_13_AC.pickle,79,post expert,6.895338610378193
1131,DS_15,DS_15_13_AC.pickle,80,post expert,9.888888888888888
1132,DS_15,DS_15_13_AC.pickle,84,post expert,2.7500000000000013
1133,DS_15,DS_15_13_AC.pickle,86,post expert,8.998628257887516
1134,DS_15,DS_15_13_AC.pickle,93,post expert,0.6611570247933883
1135,DS_15,DS_15_13_AC.pickle,98,post expert,1.0631229235880402
1136,DS_15,DS_15_13_AC.pickle,99,post expert,0.8333333333333335
1137,DS_15,DS_15_13_AC.pickle,102,post expert,1.430073606729759
1138,DS_15,DS_15_13_AC.pickle,105,post expert,3.898916967509027
1139,DS_15,DS_15_13_AC.pickle,111,post expert,0.7333333333333333
1140,DS_15,DS_15_13_AC.pickle,112,post expert,1.7333333333333336
1141,DS_15,DS_15_13_AC.pickle,113,post expert,1.2000000000000013
1142,BS_50,BS_50_2_AC.pickle,2,pre early,8.217054263565892
1143,BS_50,BS_50_2_AC.pickle,6,pre early,14.470284237726094
1144,BS_50,BS_50_2_AC.pickle,10,pre early,1.1886304909560723
1145,BS_50,BS_50_2_AC.pickle,14,pre early,13.901808785529713
1146,BS_50,BS_50_2_AC.pickle,18,pre early,2.2222222222222228
1147,BS_50,BS_50_2_AC.pickle,19,pre early,1.5503875968992251
1148,BS_50,BS_50_2_AC.pickle,23,pre early,4.702842377260982
1149,BS_50,BS_50_2_AC.pickle,32,pre early,3.152454780361757
1150,BS_50,BS_50_2_AC.pickle,35,pre early,27.338501291989672
1151,BS_50,BS_50_2_AC.pickle,42,pre early,4.754521963824288
1152,BS_50,BS_50_2_AC.pickle,43,pre early,8.630490956072348
1153,BS_50,BS_50_2_AC.pickle,47,pre early,5.529715762273902
1154,BS_50,BS_50_2_AC.pickle,65,pre early,1.65374677002584
1155,BS_50,BS_50_2_AC.pickle,68,pre early,1.4470284237726099
1156,BS_50,BS_50_2_AC.pickle,74,pre early,35.45219638242894
1157,BS_50,BS_50_2_AC.pickle,79,pre early,3.049095607235142
1158,BS_50,BS_50_2_AC.pickle,81,pre early,3.462532299741601
1159,BS_50,BS_50_2_AC.pickle,83,pre early,2.8940568475452197
1160,BS_50,BS_50_2_AC.pickle,88,pre early,2.790697674418605
1161,BS_50,BS_50_2_AC.pickle,91,pre early,3.4108527131782957
1162,BS_50,BS_50_2_AC.pickle,95,pre early,10.69767441860465
1163,BS_49,BS_49_16_AC.pickle,7,post expert,4.371584699453552
1164,BS_49,BS_49_16_AC.pickle,10,post expert,4.4808743169398895
1165,BS_49,BS_49_16_AC.pickle,17,post expert,9.508196721311482
1166,BS_49,BS_49_12_AC.pickle,6,pre expert,1.2121212121212117
1167,BS_49,BS_49_12_AC.pickle,10,pre expert,10.3030303030303
1168,BS_49,BS_49_12_AC.pickle,13,pre expert,4.646464646464645
1169,BS_49,BS_49_12_AC.pickle,22,pre expert,3.3131313131313127
1170,BS_49,BS_49_12_AC.pickle,39,pre expert,3.7575757575757582
1171,BS_49,BS_49_12_AC.pickle,49,pre expert,0.6464646464646466
1172,BS_67,BS_67_2_AC.pickle,1,post expert,1.8741633199464525
1173,BS_67,BS_67_2_AC.pickle,3,post expert,
1174,BS_67,BS_67_2_AC.pickle,5,post expert,7.333333333333333
1175,BS_67,BS_67_2_AC.pickle,8,post expert,0.7588075880758809
1176,BS_67,BS_67_2_AC.pickle,11,post expert,
1177,BS_67,BS_67_2_AC.pickle,22,post expert,
1178,BS_67,BS_67_2_AC.pickle,33,post expert,
1179,BS_67,BS_67_2_AC.pickle,40,post expert,
1180,BS_67,BS_67_2_AC.pickle,43,post expert,2.9718875502008033
1181,BS_67,BS_67_2_AC.pickle,47,post expert,16.666666666666668
1182,BS_67,BS_67_2_AC.pickle,49,post expert,9.24731182795699
1183,BS_70,BS_70_1_AC.pickle,1,pre late,12.5626204238921
1184,BS_70,BS_70_1_AC.pickle,2,pre late,2.303921568627451
1185,BS_70,BS_70_1_AC.pickle,13,pre late,35.87668593448939
1186,BS_70,BS_70_1_AC.pickle,15,pre late,8.901734104046245
1187,BS_70,BS_70_1_AC.pickle,23,pre late,9.903660886319845
1188,BS_70,BS_70_1_AC.pickle,31,pre late,2.7360308285163764
1189,BS_70,BS_70_1_AC.pickle,37,pre late,5.703275529865122
1190,BS_70,BS_70_1_AC.pickle,42,pre late,1.6955684007707135
1191,BS_70,BS_70_1_AC.pickle,58,pre late,0.69364161849711
1192,BS_70,BS_70_1_AC.pickle,66,pre late,2.54335260115607
1193,BS_70,BS_70_1_AC.pickle,69,pre late,3.622350674373795
1194,BS_70,BS_70_1_AC.pickle,72,pre late,5.904761904761905
1195,BS_70,BS_70_1_AC.pickle,73,pre late,2.157996146435452
1196,BS_70,BS_70_1_AC.pickle,74,pre late,1.0019267822736033
1197,BS_70,BS_70_1_AC.pickle,77,pre late,2.3655913978494625
1198,BS_70,BS_70_1_AC.pickle,78,pre late,6.204238921001925
1199,BS_70,BS_70_1_AC.pickle,80,pre late,0.6165703275529867
1200,BS_70,BS_70_1_AC.pickle,81,pre late,2.427745664739884
1201,BS_70,BS_70_1_AC.pickle,85,pre late,0.6551059730250482
1202,BS_70,BS_70_1_AC.pickle,88,pre late,0.6936416184971098
1203,BS_70,BS_70_1_AC.pickle,91,pre late,1.618497109826588
1204,BS_70,BS_70_1_AC.pickle,98,pre late,3.5838150289017334
1205,BS_70,BS_70_1_AC.pickle,117,pre late,
1206,BS_70,BS_70_1_AC.pickle,124,pre late,0.9661835748792269
1207,BS_70,BS_70_1_AC.pickle,127,pre late,4.93256262042389
1208,BS_70,BS_70_1_AC.pickle,140,pre late,56.184971098265905
1209,BS_70,BS_70_1_AC.pickle,141,pre late,3.275529865125243
1210,BS_40,BS_40_10_AC.pickle,0,pre late,0.8272506082725062
1211,BS_40,BS_40_10_AC.pickle,2,pre late,2.6143790849673216
1212,BS_40,BS_40_10_AC.pickle,3,pre late,0.5930470347648259
1213,BS_40,BS_40_10_AC.pickle,5,pre late,5.855555555555559
1214,BS_40,BS_40_10_AC.pickle,9,pre late,2.8999999999999972
1215,BS_40,BS_40_10_AC.pickle,12,pre late,1.2222222222222237
1216,BS_40,BS_40_10_AC.pickle,20,pre late,0.9523809523809517
1217,BS_40,BS_40_10_AC.pickle,22,pre late,0.669014084507043
1218,BS_40,BS_40_10_AC.pickle,23,pre late,5.944444444444457
1219,BS_40,BS_40_10_AC.pickle,24,pre late,2.033333333333333
1220,BS_40,BS_40_10_AC.pickle,25,pre late,1.633333333333333
1221,BS_40,BS_40_10_AC.pickle,44,pre late,1.0686095931997566
1222,BS_40,BS_40_10_AC.pickle,50,pre late,1.5222222222222213
1223,BS_40,BS_40_10_AC.pickle,53,pre late,0.31287605294825516
1224,BS_40,BS_40_10_AC.pickle,55,pre late,0.822222222222223
1225,BS_40,BS_40_10_AC.pickle,58,pre late,1.0555555555555562
1226,BS_40,BS_40_10_AC.pickle,73,pre late,2.171602126044036
1227,BS_56,BS_56_1_AC.pickle,0,post expert,0.5494505494505495
1228,BS_56,BS_56_1_AC.pickle,3,post expert,4.94505494505495
1229,BS_56,BS_56_1_AC.pickle,10,post expert,1.5384615384615388
1230,BS_56,BS_56_1_AC.pickle,11,post expert,0.9009009009009009
1231,BS_56,BS_56_1_AC.pickle,14,post expert,0.952380952380952
1232,BS_56,BS_56_1_AC.pickle,15,post expert,1.0622710622710625
1233,BS_56,BS_56_1_AC.pickle,16,post expert,3.809523809523811
1234,BS_56,BS_56_1_AC.pickle,17,post expert,0.21978021978021983
1235,BS_56,BS_56_1_AC.pickle,25,post expert,
1236,BS_56,BS_56_1_AC.pickle,26,post expert,1.7216117216117215
1237,BS_72,BS_72_1_AC.pickle,0,pre expert,12.38546603475514
1238,BS_72,BS_72_1_AC.pickle,5,pre expert,3.34913112164297
1239,BS_72,BS_72_1_AC.pickle,16,pre expert,2.666666666666667
1240,BS_72,BS_72_1_AC.pickle,18,pre expert,3.1578947368421053
1241,BS_72,BS_72_1_AC.pickle,20,pre expert,1.4814814814814814
1242,BS_72,BS_72_1_AC.pickle,24,pre expert,1.579778830963664
1243,BS_72,BS_72_1_AC.pickle,26,pre expert,0.9876543209876544
1244,BS_72,BS_72_1_AC.pickle,27,pre expert,2.051282051282051
1245,BS_72,BS_72_1_AC.pickle,29,pre expert,0.6635071090047393
1246,BS_72,BS_72_1_AC.pickle,30,pre expert,12.922590837282781
1247,BS_72,BS_72_1_AC.pickle,31,pre expert,1.674565560821485
1248,BS_72,BS_72_1_AC.pickle,32,pre expert,2.5641025641025643
1249,BS_72,BS_72_1_AC.pickle,38,pre expert,5.5924170616113775
1250,BS_72,BS_72_1_AC.pickle,41,pre expert,1.4218009478672986
1251,BS_72,BS_72_1_AC.pickle,51,pre expert,1.839080459770115
1252,BS_72,BS_72_1_AC.pickle,54,pre expert,7.582938388625593
1253,BS_72,BS_72_1_AC.pickle,58,pre expert,1.4689265536723164
1254,BS_72,BS_72_1_AC.pickle,59,pre expert,
1255,BS_72,BS_72_1_AC.pickle,67,pre expert,
1256,BS_42,BS_42_11_AC.pickle,1,post expert,2.8710462287104637
1257,BS_42,BS_42_11_AC.pickle,44,post expert,41.99513381995131
1258,BS_42,BS_42_11_AC.pickle,48,post expert,2.725060827250609
1259,BS_87,BS_87_10_AC.pickle,4,post expert,7.348484848484848
1260,BS_108,BS_108_2_AC.pickle,2,pre expert,15.402298850574715
1261,BS_108,BS_108_2_AC.pickle,6,pre expert,
1262,BS_108,BS_108_2_AC.pickle,7,pre expert,6.321839080459773
1263,BS_108,BS_108_2_AC.pickle,26,pre expert,3.563218390804598
1264,BS_70,BS_70_6_AC.pickle,2,post early,1.1317418213969939
1265,BS_70,BS_70_6_AC.pickle,3,post early,0.49513704686118476
1266,BS_70,BS_70_6_AC.pickle,14,post early,1.5384615384615385
1267,BS_70,BS_70_6_AC.pickle,16,post early,0.9677419354838708
1268,BS_70,BS_70_6_AC.pickle,37,post early,1.9688109161793423
1269,BS_70,BS_70_6_AC.pickle,42,post early,1.7283950617283943
1270,BS_70,BS_70_6_AC.pickle,51,post early,1.7329255861365935
1271,BS_70,BS_70_6_AC.pickle,52,post early,0.40211640211640237
1272,BS_70,BS_70_6_AC.pickle,56,post early,1.274509803921568
1273,BS_70,BS_70_6_AC.pickle,68,post early,2.8134556574923537
1274,BS_70,BS_70_6_AC.pickle,73,post early,1.0071942446043167
1275,BS_70,BS_70_6_AC.pickle,74,post early,0.7073386383731214
1276,BS_70,BS_70_6_AC.pickle,78,post early,2.6183282980866016
1277,BS_70,BS_70_6_AC.pickle,81,post early,0.79575596816976
1278,BS_40,BS_40_7_AC.pickle,23,pre late,3.988888888888883
1279,BS_40,BS_40_7_AC.pickle,33,pre late,7.566666666666662
1280,BS_40,BS_40_7_AC.pickle,36,pre late,1.602288984263233
1281,BS_40,BS_40_7_AC.pickle,85,pre late,2.9888888888888916
1282,DS_15,DS_15_12_AC.pickle,1,post expert,1.5902140672782872
1283,DS_15,DS_15_12_AC.pickle,4,post expert,0.795107033639144
1284,DS_15,DS_15_12_AC.pickle,6,post expert,3.1804281345565766
1285,DS_15,DS_15_12_AC.pickle,8,post expert,2.6911314984709485
1286,DS_15,DS_15_12_AC.pickle,17,post expert,1.6513761467889916
1287,DS_15,DS_15_12_AC.pickle,19,post expert,3.0581039755351664
1288,DS_15,DS_15_12_AC.pickle,22,post expert,16.880733944954123
1289,DS_15,DS_15_12_AC.pickle,31,post expert,2.3853211009174324
1290,DS_15,DS_15_12_AC.pickle,32,post expert,2.813455657492356
1291,DS_15,DS_15_12_AC.pickle,42,post expert,32.4770642201835
1292,DS_15,DS_15_12_AC.pickle,47,post expert,1.9571865443425074
1293,DS_15,DS_15_12_AC.pickle,48,post expert,28.868501529051994
1294,DS_15,DS_15_12_AC.pickle,60,post expert,0.9785932721712539
1295,BS_56,BS_56_2_AC.pickle,9,post expert,4.210526315789474
1296,BS_41,BS_41_4_AC.pickle,0,post late,1.6921508664627924
1297,BS_41,BS_41_4_AC.pickle,6,post late,6.8956743002544485
1298,BS_41,BS_41_4_AC.pickle,8,post late,4.133333333333334
1299,BS_41,BS_41_4_AC.pickle,10,post late,1.90871369294606
1300,BS_41,BS_41_4_AC.pickle,17,post late,1.1323155216284988
1301,BS_41,BS_41_4_AC.pickle,19,post late,14.96183206106869
1302,BS_41,BS_41_4_AC.pickle,20,post late,3.1424936386768474
1303,BS_41,BS_41_4_AC.pickle,21,post late,4.8074369189907005
1304,BS_41,BS_41_4_AC.pickle,38,post late,1.1195928753180684
1305,BS_41,BS_41_4_AC.pickle,55,post late,3.829516539440207
1306,BS_41,BS_41_4_AC.pickle,57,post late,12.60814249363868
1307,BS_41,BS_41_4_AC.pickle,64,post late,5.343511450381697
1308,BS_41,BS_41_4_AC.pickle,66,post late,4.147582697201017
1309,BS_41,BS_41_4_AC.pickle,72,post late,2.5572519083969483
1310,BS_41,BS_41_4_AC.pickle,73,post late,5.979643765903314
1311,BS_41,BS_41_4_AC.pickle,77,post late,1.4122137404580175
1312,BS_41,BS_41_4_AC.pickle,84,post late,1.4376590330788803
1313,BS_41,BS_41_4_AC.pickle,87,post late,1.8984547461368655
1314,BS_41,BS_41_4_AC.pickle,95,post late,2.4300254452926198
1315,BS_41,BS_41_4_AC.pickle,96,post late,3.2569974554707333
1316,BS_41,BS_41_4_AC.pickle,97,post late,0.512820512820513
1317,BS_41,BS_41_4_AC.pickle,100,post late,0.9629629629629626
1318,BS_41,BS_41_4_AC.pickle,101,post late,7.137404580152674
1319,BS_41,BS_41_4_AC.pickle,109,post late,3.7150127226463154
1320,BS_41,BS_41_4_AC.pickle,110,post late,3.9312977099236615
1321,BS_41,BS_41_4_AC.pickle,114,post late,0.8905852417302781
1322,BS_41,BS_41_4_AC.pickle,115,post late,6.22137404580154
1323,BS_41,BS_41_4_AC.pickle,117,post late,9.707379134860044
1324,BS_41,BS_41_4_AC.pickle,119,post late,3.3842239185750564
1325,BS_87,BS_87_5_AC.pickle,7,post early,11.471758154335719
1326,BS_87,BS_87_5_AC.pickle,11,post early,2.9912490055688106
1327,BS_87,BS_87_5_AC.pickle,14,post early,5.218774860779645
1328,BS_87,BS_87_5_AC.pickle,16,post early,1.368337311058074
1329,BS_87,BS_87_5_AC.pickle,18,post early,1.3046937151949085
1330,BS_87,BS_87_5_AC.pickle,24,post early,3.8981702466189305
1331,BS_87,BS_87_5_AC.pickle,25,post early,1.1774065234685764
1332,BS_87,BS_87_5_AC.pickle,26,post early,1.0042735042735047
1333,BS_87,BS_87_5_AC.pickle,28,post early,2.1638822593476537
1334,BS_87,BS_87_5_AC.pickle,30,post early,1.877486077963406
1335,BS_87,BS_87_5_AC.pickle,33,post early,1.4319809069212392
1336,BS_87,BS_87_5_AC.pickle,35,post early,3.9140811455847233
1337,BS_87,BS_87_5_AC.pickle,37,post early,3.3731105807478103
1338,BS_87,BS_87_5_AC.pickle,42,post early,2.1320604614160734
1339,BS_87,BS_87_5_AC.pickle,43,post early,5.425616547334925
1340,BS_87,BS_87_5_AC.pickle,47,post early,10.857699805068227
1341,BS_87,BS_87_5_AC.pickle,49,post early,25.266666666666662
1342,BS_87,BS_87_5_AC.pickle,52,post early,10.05568814638028
1343,BS_87,BS_87_5_AC.pickle,53,post early,1.3043478260869565
1344,BS_87,BS_87_5_AC.pickle,55,post early,2.4025457438345272
1345,BS_87,BS_87_5_AC.pickle,83,post early,18.806682577565628
1346,BS_87,BS_87_5_AC.pickle,84,post early,11.249005568814635
1347,BS_87,BS_87_5_AC.pickle,87,post early,17.056483691328552
1348,BS_87,BS_87_5_AC.pickle,93,post early,15.672235481304691
1349,BS_87,BS_87_5_AC.pickle,97,post early,14.606205250596624
1350,BS_87,BS_87_5_AC.pickle,99,post early,31.680290644868304
1351,BS_87,BS_87_5_AC.pickle,101,post early,7.128082736674625
1352,BS_87,BS_87_5_AC.pickle,126,post early,0.5091487669053303
1353,BS_87,BS_87_5_AC.pickle,132,post early,1.3333333333333333
1354,BS_70,BS_70_10_AC.pickle,11,post late,24.944444444444464
1355,BS_70,BS_70_10_AC.pickle,16,post late,0.7680491551459314
1356,BS_70,BS_70_10_AC.pickle,19,post late,2.642089093701996
1357,BS_70,BS_70_10_AC.pickle,27,post late,1.1674347158218108
1358,BS_70,BS_70_10_AC.pickle,30,post late,0.6912442396313367
1359,BS_70,BS_70_10_AC.pickle,37,post late,1.3210445468510001
1360,BS_70,BS_70_10_AC.pickle,38,post late,1.3202933985330085
1361,BS_70,BS_70_10_AC.pickle,41,post late,1.488888888888887
1362,BS_70,BS_70_10_AC.pickle,43,post late,2.580645161290321
